Participant,Game,TotalScore,Bonus,Flight,Fortress,Mine,Press,Type
sub-001,G01,1250,NA,NA,1250,NA,355,monotask
sub-001,G02,1590,850,-420,500,660,352,multitask
sub-001,G03,1595,NA,-155,1750,NA,339,monotask
sub-001,G04,1985,550,-405,750,1090,393,multitask
sub-001,G05,1465,NA,-35,1500,NA,397,monotask
sub-001,G06,1895,700,-545,750,990,380,multitask
sub-001,G07,1415,NA,-85,1500,NA,403,monotask
sub-001,G08,1425,600,-555,500,880,399,multitask
sub-001,G09,1930,NA,-70,2000,NA,439,monotask
sub-001,G10,1945,800,-405,750,800,401,multitask
sub-002,G01,-355,NA,-855,500,NA,298,monotask
sub-002,G02,-270,400,-1460,250,540,282,multitask
sub-002,G03,-160,NA,-660,500,NA,320,monotask
sub-002,G04,-1090,550,-2320,250,430,277,multitask
sub-002,G05,-265,NA,-765,500,NA,293,monotask
sub-002,G06,-870,400,-1860,250,340,310,multitask
sub-002,G07,-875,NA,-1125,250,NA,319,monotask
sub-002,G08,-410,50,-1330,250,620,280,multitask
sub-002,G09,-640,NA,-1140,500,NA,313,monotask
sub-002,G10,-810,350,-1650,NA,490,304,multitask
sub-003,G01,1500,NA,NA,1500,NA,350,monotask
sub-003,G02,1540,300,-220,500,960,365,multitask
sub-003,G03,1200,NA,-50,1250,NA,337,monotask
sub-003,G04,1600,550,NA,500,550,357,multitask
sub-003,G05,1700,NA,-50,1750,NA,388,monotask
sub-003,G06,1640,550,-150,500,740,368,multitask
sub-003,G07,1750,NA,NA,1750,NA,391,monotask
sub-003,G08,1940,300,-150,1000,790,362,multitask
sub-003,G09,1600,NA,-150,1750,NA,428,monotask
sub-003,G10,2550,550,-100,1000,1100,375,multitask
sub-004,G01,1750,NA,NA,1750,NA,336,monotask
sub-004,G02,1580,450,-100,500,730,389,multitask
sub-004,G03,2200,NA,-50,2250,NA,328,monotask
sub-004,G04,1860,400,-150,750,860,365,multitask
sub-004,G05,2500,NA,NA,2500,NA,355,monotask
sub-004,G06,2450,550,-100,1000,1000,339,multitask
sub-004,G07,3000,NA,NA,3000,NA,438,monotask
sub-004,G08,2900,550,-300,1750,900,454,multitask
sub-004,G09,3115,NA,-135,3250,NA,503,monotask
sub-004,G10,3990,850,-100,2250,990,501,multitask
sub-005,G01,1175,NA,-325,1500,NA,318,monotask
sub-005,G02,-125,100,-1175,750,200,329,multitask
sub-005,G03,565,NA,-685,1250,NA,340,monotask
sub-005,G04,-960,350,-2220,500,410,291,multitask
sub-005,G05,1015,NA,-485,1500,NA,296,monotask
sub-005,G06,130,250,-1330,500,710,305,multitask
sub-005,G07,215,NA,-785,1000,NA,328,monotask
sub-005,G08,-420,300,-1280,500,60,286,multitask
sub-005,G09,615,NA,-635,1250,NA,311,monotask
sub-005,G10,65,300,-1085,500,350,281,multitask
sub-006,G01,1250,NA,NA,1250,NA,349,monotask
sub-006,G02,1240,200,-350,750,640,340,multitask
sub-006,G03,1400,NA,-100,1500,NA,331,monotask
sub-006,G04,1470,250,-100,750,570,336,multitask
sub-006,G05,2715,NA,-35,2750,NA,486,monotask
sub-006,G06,1630,450,-120,750,550,391,multitask
sub-006,G07,2500,NA,NA,2500,NA,425,monotask
sub-006,G08,2270,500,-120,1250,640,378,multitask
sub-006,G09,2700,NA,-50,2750,NA,477,monotask
sub-006,G10,1320,500,-420,750,490,337,multitask
sub-007,G01,2955,NA,-295,3250,NA,526,monotask
sub-007,G02,2130,900,-660,1000,890,470,multitask
sub-007,G03,3155,NA,-345,3500,NA,545,monotask
sub-007,G04,2595,700,-335,1250,980,515,multitask
sub-007,G05,3000,NA,-500,3500,NA,672,monotask
sub-007,G06,2965,750,-525,1750,990,508,multitask
sub-007,G07,3560,NA,-440,4000,NA,634,monotask
sub-007,G08,3015,50,-185,2000,1150,524,multitask
sub-007,G09,4280,NA,-470,4750,NA,678,monotask
sub-007,G10,3110,900,-570,1750,1030,516,multitask
sub-008,G01,-515,NA,-1015,500,NA,297,monotask
sub-008,G02,280,300,-870,250,600,316,multitask
sub-008,G03,120,NA,-630,750,NA,306,monotask
sub-008,G04,815,600,-965,500,680,323,multitask
sub-008,G05,-130,NA,-880,750,NA,300,monotask
sub-008,G06,795,800,-1045,250,790,322,multitask
sub-008,G07,595,NA,-405,1000,NA,311,monotask
sub-008,G08,845,550,-645,500,440,319,multitask
sub-008,G09,-120,NA,-870,750,NA,352,monotask
sub-008,G10,1175,350,-525,500,850,329,multitask
sub-009,G01,1530,NA,-220,1750,NA,475,monotask
sub-009,G02,2115,800,-85,750,650,498,multitask
sub-009,G03,2330,NA,-170,2500,NA,578,monotask
sub-009,G04,2460,600,-100,1000,960,471,multitask
sub-009,G05,2815,NA,-185,3000,NA,536,monotask
sub-009,G06,2190,1050,-50,750,440,424,multitask
sub-009,G07,4250,NA,NA,4250,NA,562,monotask
sub-009,G08,3310,1000,-150,1500,960,503,multitask
sub-009,G09,3415,NA,-85,3500,NA,567,monotask
sub-009,G10,2795,450,-185,1500,1030,531,multitask
sub-010,G01,4250,NA,NA,4250,NA,1170,monotask
sub-010,G02,2890,100,-150,2000,940,841,multitask
sub-010,G03,5795,NA,-205,6000,NA,1201,monotask
sub-010,G04,4130,200,-200,3500,630,962,multitask
sub-010,G05,6420,NA,-580,7000,NA,1226,monotask
sub-010,G06,5300,550,-50,4000,800,908,multitask
sub-010,G07,8130,NA,-370,8500,NA,1168,monotask
sub-010,G08,4670,50,-100,4000,720,873,multitask
sub-010,G09,8160,NA,-840,9000,NA,1180,monotask
sub-010,G10,5550,700,-150,4000,1000,851,multitask
sub-011,G01,-1080,NA,-1580,500,NA,213,monotask
sub-011,G02,-1605,50,-1955,250,50,212,multitask
sub-011,G03,-345,NA,-845,500,NA,196,monotask
sub-011,G04,-1295,-200,-2165,500,570,232,multitask
sub-011,G05,-830,NA,-1330,500,NA,204,monotask
sub-011,G06,-1355,100,-2055,250,350,204,multitask
sub-011,G07,-250,NA,-1000,750,NA,253,monotask
sub-011,G08,-1750,450,-2850,500,150,241,multitask
sub-011,G09,535,NA,-465,1000,NA,313,monotask
sub-011,G10,-1300,300,-1850,250,0,254,multitask
sub-012,G01,315,NA,-685,1000,NA,361,monotask
sub-012,G02,-410,150,-1050,250,240,371,multitask
sub-012,G03,1030,NA,-220,1250,NA,341,monotask
sub-012,G04,955,100,-435,500,790,361,multitask
sub-012,G05,315,NA,-685,1000,NA,352,monotask
sub-012,G06,1240,150,-490,750,830,366,multitask
sub-012,G07,900,NA,-350,1250,NA,398,monotask
sub-012,G08,1330,500,-590,750,670,401,multitask
sub-012,G09,775,NA,-475,1250,NA,370,monotask
sub-012,G10,1620,400,-520,750,990,380,multitask
sub-013,G01,45,NA,-205,250,NA,375,monotask
sub-013,G02,1380,350,-240,250,1020,363,multitask
sub-013,G03,315,NA,-185,500,NA,359,monotask
sub-013,G04,190,250,-810,250,500,361,multitask
sub-013,G05,460,NA,-290,750,NA,364,monotask
sub-013,G06,1495,800,-275,250,720,350,multitask
sub-013,G07,465,NA,-35,500,NA,291,monotask
sub-013,G08,935,350,-335,250,670,337,multitask
sub-013,G09,130,NA,-370,500,NA,330,monotask
sub-013,G10,1665,600,-185,250,1000,344,multitask
sub-014,G01,2500,NA,NA,2500,NA,409,monotask
sub-014,G02,1185,200,-435,1000,420,344,multitask
sub-014,G03,3430,NA,-70,3500,NA,451,monotask
sub-014,G04,1815,200,-505,1250,870,359,multitask
sub-014,G05,3680,NA,-70,3750,NA,512,monotask
sub-014,G06,2070,-150,-220,1500,940,359,multitask
sub-014,G07,4250,NA,NA,4250,NA,562,monotask
sub-014,G08,2095,400,-505,1500,700,380,multitask
sub-014,G09,3680,NA,-70,3750,NA,530,monotask
sub-014,G10,2840,800,-150,1750,440,433,multitask
sub-015,G01,1500,NA,NA,1500,NA,360,monotask
sub-015,G02,2050,800,-370,750,870,302,multitask
sub-015,G03,2250,NA,NA,2250,NA,350,monotask
sub-015,G04,1980,400,-350,1000,930,323,multitask
sub-015,G05,3250,NA,NA,3250,NA,317,monotask
sub-015,G06,2870,600,-150,1250,1170,354,multitask
sub-015,G07,4500,NA,NA,4500,NA,376,monotask
sub-015,G08,3340,700,-200,2000,840,357,multitask
sub-015,G09,5150,NA,-100,5250,NA,442,monotask
sub-015,G10,3680,700,-100,2000,1080,394,multitask
sub-016,G01,45,NA,-705,750,NA,396,monotask
sub-016,G02,420,300,-490,500,110,404,multitask
sub-016,G03,995,NA,-255,1250,NA,399,monotask
sub-016,G04,-400,400,-1410,500,110,375,multitask
sub-016,G05,620,NA,-630,1250,NA,365,monotask
sub-016,G06,-785,200,-1895,500,410,343,multitask
sub-016,G07,1045,NA,-705,1750,NA,341,monotask
sub-016,G08,550,450,-970,750,320,373,multitask
sub-016,G09,390,NA,-860,1250,NA,397,monotask
sub-016,G10,660,700,-610,500,70,405,multitask
sub-017,G01,680,NA,-70,750,NA,436,monotask
sub-017,G02,1455,400,-135,250,940,408,multitask
sub-017,G03,1000,NA,NA,1000,NA,428,monotask
sub-017,G04,755,100,-705,500,860,390,multitask
sub-017,G05,1250,NA,NA,1250,NA,451,monotask
sub-017,G06,1855,450,-35,500,940,452,multitask
sub-017,G07,1500,NA,NA,1500,NA,424,monotask
sub-017,G08,1385,200,-205,500,890,379,multitask
sub-017,G09,1500,NA,NA,1500,NA,435,monotask
sub-017,G10,2380,900,-100,500,1080,391,multitask
sub-018,G01,-350,NA,-850,500,NA,361,monotask
sub-018,G02,-620,0,-1140,250,270,287,multitask
sub-018,G03,-410,NA,-1160,750,NA,388,monotask
sub-018,G04,-410,NA,-1160,750,NA,388,multitask
sub-018,G05,-450,0,-1280,500,330,329,monotask
sub-018,G06,250,0,-730,500,480,339,multitask
sub-018,G07,15,NA,-735,750,NA,336,monotask
sub-018,G08,585,-100,-465,250,900,334,multitask
sub-018,G09,310,NA,-440,750,NA,358,monotask
sub-018,G10,-140,100,-1370,500,630,322,multitask
sub-019,G01,880,NA,-120,1000,NA,251,monotask
sub-019,G02,350,0,-540,250,640,221,multitask
sub-019,G03,1490,NA,-260,1750,NA,266,monotask
sub-019,G04,1405,50,-505,1000,860,286,multitask
sub-019,G05,1420,NA,-330,1750,NA,302,monotask
sub-019,G06,425,250,-775,250,700,263,multitask
sub-019,G07,2165,NA,-85,2250,NA,319,monotask
sub-019,G08,1235,250,-625,750,860,267,multitask
sub-019,G09,2645,NA,-105,2750,NA,396,monotask
sub-019,G10,440,150,-1030,500,820,279,multitask
sub-020,G01,230,NA,-520,750,NA,386,monotask
sub-020,G02,-1605,-150,-1775,250,70,305,multitask
sub-020,G03,-75,NA,-575,500,NA,399,monotask
sub-020,G04,-320,0,-1250,500,430,386,multitask
sub-020,G05,195,NA,-1055,1250,NA,418,monotask
sub-020,G06,-1035,100,-1705,250,320,326,multitask
sub-020,G07,745,NA,-755,1500,NA,465,monotask
sub-020,G08,-550,100,-1550,750,150,371,multitask
sub-020,G09,995,NA,-1005,2000,NA,432,monotask
sub-020,G10,140,100,-1100,750,390,405,multitask
sub-021,G01,2000,NA,NA,2000,NA,734,monotask
sub-021,G02,1745,750,-135,250,880,471,multitask
sub-021,G03,1780,NA,-470,2250,NA,704,monotask
sub-021,G04,1530,800,-400,250,880,472,multitask
sub-021,G05,1915,NA,-335,2250,NA,778,monotask
sub-021,G06,1940,850,-270,500,860,575,multitask
sub-021,G07,1980,NA,-520,2500,NA,818,monotask
sub-021,G08,2190,750,-100,500,1040,502,multitask
sub-021,G09,2330,NA,-420,2750,NA,830,monotask
sub-021,G10,2080,700,-300,750,930,514,multitask
sub-022,G01,205,NA,-545,750,NA,310,monotask
sub-022,G02,850,200,-940,500,1090,305,multitask
sub-022,G03,1025,NA,-225,1250,NA,367,monotask
sub-022,G04,1605,800,-525,500,830,312,multitask
sub-022,G05,880,NA,-870,1750,NA,327,monotask
sub-022,G06,750,550,-1190,500,890,274,multitask
sub-022,G07,1710,NA,-290,2000,NA,349,monotask
sub-022,G08,1320,850,-1000,500,970,291,multitask
sub-022,G09,2145,NA,-105,2250,NA,396,monotask
sub-022,G10,1390,550,-730,500,1070,270,multitask
sub-023,G01,615,NA,-135,750,NA,363,monotask
sub-023,G02,-845,-100,-555,NA,-190,380,multitask
sub-023,G03,280,NA,-470,750,NA,366,monotask
sub-023,G04,-1030,-250,-930,500,-350,323,multitask
sub-023,G05,700,NA,-50,750,NA,367,monotask
sub-023,G06,-1345,-200,-1365,250,-30,318,multitask
sub-023,G07,1450,NA,-50,1500,NA,375,monotask
sub-023,G08,-990,-50,-1370,250,180,366,multitask
sub-023,G09,1200,NA,-50,1250,NA,363,monotask
sub-023,G10,-640,-50,-1320,500,230,362,multitask
sub-024,G01,-25,NA,-1275,1250,NA,376,monotask
sub-024,G02,385,200,-1195,500,880,373,multitask
sub-024,G03,820,NA,-430,1250,NA,417,monotask
sub-024,G04,760,450,-1050,500,860,372,multitask
sub-024,G05,1240,NA,-510,1750,NA,418,monotask
sub-024,G06,240,250,-1630,750,870,384,multitask
sub-024,G07,1065,NA,-435,1500,NA,458,monotask
sub-024,G08,1180,600,-1120,750,950,394,multitask
sub-024,G09,2320,NA,-430,2750,NA,521,monotask
sub-024,G10,1295,550,-1155,1000,900,403,multitask
sub-025,G01,3095,NA,-155,3250,NA,516,monotask
sub-025,G02,1445,200,-505,1500,250,390,multitask
sub-025,G03,2695,NA,-805,3500,NA,578,monotask
sub-025,G04,2600,400,-680,2000,880,479,multitask
sub-025,G05,4170,NA,-580,4750,NA,706,monotask
sub-025,G06,2790,300,-730,2500,720,515,multitask
sub-025,G07,4935,NA,-315,5250,NA,734,monotask
sub-025,G08,-1350,-200,-2260,1000,110,436,multitask
sub-025,G09,5720,NA,-280,6000,NA,827,monotask
sub-025,G10,3020,100,-710,3000,630,605,multitask
sub-026,G01,2500,NA,NA,2500,NA,456,monotask
sub-026,G02,1835,250,-435,1250,770,478,multitask
sub-026,G03,1965,NA,-35,2000,NA,644,monotask
sub-026,G04,365,150,-85,750,-450,381,multitask
sub-026,G05,1665,NA,-85,1750,NA,394,monotask
sub-026,G06,1000,100,-400,750,550,345,multitask
sub-026,G07,1250,NA,NA,1250,NA,333,monotask
sub-026,G08,1520,50,-100,1000,570,367,multitask
sub-026,G09,2250,NA,NA,2250,NA,359,monotask
sub-026,G10,2140,150,-100,1250,840,328,multitask
sub-027,G01,965,NA,-35,1000,NA,402,monotask
sub-027,G02,445,250,-875,250,820,320,multitask
sub-027,G03,930,NA,-70,1000,NA,397,monotask
sub-027,G04,1290,200,-170,500,760,340,multitask
sub-027,G05,1465,NA,-35,1500,NA,415,monotask
sub-027,G06,1110,150,-210,500,670,342,multitask
sub-027,G07,1415,NA,-85,1500,NA,388,monotask
sub-027,G08,2205,450,-85,1000,840,363,multitask
sub-027,G09,2000,NA,NA,2000,NA,424,monotask
sub-027,G10,1470,200,-270,750,790,374,multitask
sub-028,G01,545,NA,-455,1000,NA,356,monotask
sub-028,G02,-50,450,-1410,500,410,303,multitask
sub-028,G03,1145,NA,-105,1250,NA,317,monotask
sub-028,G04,1555,800,-625,1000,380,311,multitask
sub-028,G05,990,NA,-510,1500,NA,347,monotask
sub-028,G06,1035,550,-705,500,690,298,multitask
sub-028,G07,1165,NA,-85,1250,NA,335,monotask
sub-028,G08,1420,350,-490,750,810,315,multitask
sub-028,G09,1165,NA,-335,1500,NA,330,monotask
sub-028,G10,655,450,-1075,500,780,321,multitask
sub-029,G01,245,NA,-755,1000,NA,434,monotask
sub-029,G02,-875,200,-1425,250,100,419,multitask
sub-029,G03,-920,NA,-1420,500,NA,370,monotask
sub-029,G04,-1865,200,-2415,250,100,467,multitask
sub-029,G05,265,NA,-735,1000,NA,439,monotask
sub-029,G06,-55,100,-855,500,200,517,multitask
sub-029,G07,1450,NA,-50,1500,NA,412,monotask
sub-029,G08,180,350,-1020,750,100,451,multitask
sub-029,G09,330,NA,-670,1000,NA,447,monotask
sub-029,G10,330,NA,-670,1000,NA,447,multitask
sub-030,G01,1000,NA,NA,1000,NA,360,monotask
sub-030,G02,1095,700,-755,500,650,366,multitask
sub-030,G03,815,NA,-185,1000,NA,361,monotask
sub-030,G04,1180,450,-450,500,680,366,multitask
sub-030,G05,1250,NA,NA,1250,NA,377,monotask
sub-030,G06,2030,350,-50,750,980,354,multitask
sub-030,G07,1750,NA,NA,1750,NA,412,monotask
sub-030,G08,1840,300,-170,750,960,394,multitask
sub-030,G09,2080,NA,-170,2250,NA,434,monotask
sub-030,G10,2590,600,-150,1250,890,402,multitask
sub-031,G01,1215,NA,-35,1250,NA,524,monotask
sub-031,G02,380,200,-970,500,650,435,multitask
sub-031,G03,1750,NA,NA,1750,NA,471,monotask
sub-031,G04,2310,850,-400,1000,860,462,multitask
sub-031,G05,1900,NA,-350,2250,NA,488,monotask
sub-031,G06,2200,600,-470,1250,820,485,multitask
sub-031,G07,825,NA,-1175,2000,NA,590,monotask
sub-031,G08,2380,550,-150,1000,980,484,multitask
sub-031,G09,1915,NA,-335,2250,NA,599,monotask
sub-031,G10,1615,500,-485,750,850,497,multitask
sub-032,G01,2415,NA,-85,2500,NA,482,monotask
sub-032,G02,2145,500,-255,1000,900,462,multitask
sub-032,G03,2465,NA,-35,2500,NA,496,monotask
sub-032,G04,2685,700,-185,1250,920,454,multitask
sub-032,G05,2900,NA,-100,3000,NA,506,monotask
sub-032,G06,2220,600,-400,1000,1020,470,multitask
sub-032,G07,3750,NA,NA,3750,NA,537,monotask
sub-032,G08,2270,450,-150,1000,970,454,multitask
sub-032,G09,4865,NA,-135,5000,NA,574,monotask
sub-032,G10,2365,550,-485,1500,800,451,multitask
sub-033,G01,1000,NA,NA,1000,NA,376,monotask
sub-033,G02,490,50,-260,250,450,353,multitask
sub-033,G03,1750,NA,NA,1750,NA,364,monotask
sub-033,G04,1705,250,-255,750,960,321,multitask
sub-033,G05,2250,NA,NA,2250,NA,356,monotask
sub-033,G06,1870,150,-100,750,1070,373,multitask
sub-033,G07,2200,NA,-50,2250,NA,358,monotask
sub-033,G08,2030,400,-590,1250,970,336,multitask
sub-033,G09,2500,NA,NA,2500,NA,367,monotask
sub-033,G10,2720,500,-100,1250,1070,361,multitask
sub-034,G01,1250,NA,NA,1250,NA,334,monotask
sub-034,G02,-285,200,-925,NA,440,320,multitask
sub-034,G03,1700,NA,-50,1750,NA,399,monotask
sub-034,G04,-340,-50,-840,250,300,299,multitask
sub-034,G05,-140,NA,-1140,1000,NA,389,monotask
sub-034,G06,525,400,-1085,500,710,337,multitask
sub-034,G07,765,NA,-985,1750,NA,392,monotask
sub-034,G08,215,150,-605,250,420,323,multitask
sub-034,G09,1760,NA,-490,2250,NA,467,monotask
sub-034,G10,-180,50,-650,500,-80,325,multitask
sub-035,G01,-490,NA,-740,250,NA,418,monotask
sub-035,G02,-635,-100,-855,NA,320,327,multitask
sub-035,G03,-385,NA,-635,250,NA,329,monotask
sub-035,G04,-1060,-50,-1390,NA,380,301,multitask
sub-035,G05,200,NA,-50,250,NA,318,monotask
sub-035,G06,-340,-50,-670,NA,380,303,multitask
sub-035,G07,665,NA,-85,750,NA,348,monotask
sub-035,G08,695,150,-485,500,530,303,multitask
sub-035,G09,-505,NA,-1005,500,NA,327,monotask
sub-035,G10,890,150,-670,500,910,284,multitask
sub-036,G01,715,NA,-35,750,NA,308,monotask
sub-036,G02,1365,300,-185,500,750,324,multitask
sub-036,G03,915,NA,-85,1000,NA,329,monotask
sub-036,G04,725,350,-505,500,380,320,multitask
sub-036,G05,1000,NA,NA,1000,NA,291,monotask
sub-036,G06,1515,600,-335,500,750,296,multitask
sub-036,G07,1065,NA,-185,1250,NA,287,monotask
sub-036,G08,1745,650,-335,750,680,310,multitask
sub-036,G09,950,NA,-50,1000,NA,309,monotask
sub-036,G10,1335,350,-135,500,620,282,multitask
sub-037,G01,710,NA,-290,1000,NA,234,monotask
sub-037,G02,720,400,-1010,750,580,248,multitask
sub-037,G03,-315,NA,-1315,1000,NA,241,monotask
sub-037,G04,1035,250,-615,500,900,225,multitask
sub-037,G05,155,NA,-845,1000,NA,234,monotask
sub-037,G06,215,400,-1295,500,610,220,multitask
sub-037,G07,455,NA,-295,750,NA,285,monotask
sub-037,G08,-245,200,-1525,500,580,269,multitask
sub-037,G09,680,NA,-70,750,NA,311,monotask
sub-037,G10,695,250,-825,500,770,258,multitask
sub-038,G01,1065,NA,-185,1250,NA,347,monotask
sub-038,G02,1245,450,-325,500,620,353,multitask
sub-038,G03,1165,NA,-85,1250,NA,360,monotask
sub-038,G04,375,200,-925,500,600,359,multitask
sub-038,G05,1745,NA,-255,2000,NA,357,monotask
sub-038,G06,1225,500,-755,750,730,327,multitask
sub-038,G07,1150,NA,-350,1500,NA,381,monotask
sub-038,G08,1880,800,-350,750,680,356,multitask
sub-038,G09,1295,NA,-455,1750,NA,380,monotask
sub-038,G10,1655,1000,-485,500,640,386,multitask
sub-039,G01,280,NA,-720,1000,NA,332,monotask
sub-039,G02,430,100,-860,500,690,347,multitask
sub-039,G03,850,NA,-150,1000,NA,400,monotask
sub-039,G04,620,400,-490,250,460,405,multitask
sub-039,G05,-330,NA,-1330,1000,NA,364,monotask
sub-039,G06,40,350,-1210,250,650,365,multitask
sub-039,G07,545,NA,-205,750,NA,364,monotask
sub-039,G08,1220,250,-170,250,890,366,multitask
sub-039,G09,1065,NA,-185,1250,NA,356,monotask
sub-039,G10,1100,700,-660,500,560,352,multitask
sub-040,G01,2250,NA,NA,2250,NA,352,monotask
sub-040,G02,2420,500,-50,1000,970,377,multitask
sub-040,G03,2900,NA,-100,3000,NA,427,monotask
sub-040,G04,2130,-50,NA,1000,1180,390,multitask
sub-040,G05,2950,NA,-50,3000,NA,437,monotask
sub-040,G06,3000,850,-50,1250,950,392,multitask
sub-040,G07,3585,NA,-415,4000,NA,577,monotask
sub-040,G08,3730,1150,-300,1750,1130,411,multitask
sub-040,G09,3500,NA,NA,3500,NA,435,monotask
sub-040,G10,3620,800,-50,1750,1120,368,multitask
sub-041,G01,1750,NA,NA,1750,NA,452,monotask
sub-041,G02,635,250,-625,750,260,398,multitask
sub-041,G03,1750,NA,NA,1750,NA,494,monotask
sub-041,G04,860,400,-150,500,110,406,multitask
sub-041,G05,2000,NA,NA,2000,NA,470,monotask
sub-041,G06,1715,250,-335,1000,800,443,multitask
sub-041,G07,3680,NA,-70,3750,NA,592,monotask
sub-041,G08,1520,150,-650,1250,770,432,multitask
sub-041,G09,3575,NA,-175,3750,NA,581,monotask
sub-041,G10,1520,50,-680,1250,900,457,multitask
sub-042,G01,415,NA,-85,500,NA,373,monotask
sub-042,G02,-1990,-600,-1340,NA,-50,326,multitask
sub-042,G03,750,NA,-750,1500,NA,503,monotask
sub-042,G04,-765,-50,-1015,250,50,451,multitask
sub-042,G05,375,NA,-625,1000,NA,500,monotask
sub-042,G06,-1660,-100,-1610,NA,50,398,multitask
sub-042,G07,160,NA,-1340,1500,NA,429,monotask
sub-042,G08,-725,-200,-1175,500,150,363,multitask
sub-042,G09,770,NA,-980,1750,NA,629,monotask
sub-042,G10,-1260,-550,-910,250,-50,388,multitask
sub-043,G01,750,NA,NA,750,NA,382,monotask
sub-043,G02,1150,400,-150,250,650,348,multitask
sub-043,G03,1000,NA,NA,1000,NA,370,monotask
sub-043,G04,1760,400,-50,500,910,409,multitask
sub-043,G05,715,NA,-35,750,NA,379,monotask
sub-043,G06,1735,550,-185,500,870,416,multitask
sub-043,G07,1000,NA,NA,1000,NA,424,monotask
sub-043,G08,1060,-50,-50,500,660,382,multitask
sub-043,G09,1500,NA,NA,1500,NA,436,monotask
sub-043,G10,1220,200,-120,500,640,415,multitask
sub-044,G01,-1310,NA,-1560,250,NA,251,monotask
sub-044,G02,-1915,-150,-1965,NA,200,247,multitask
sub-044,G03,-1390,NA,-1640,250,NA,231,monotask
sub-044,G04,-2145,50,-2295,NA,100,204,multitask
sub-044,G05,-750,NA,-1000,250,NA,287,monotask
sub-044,G06,-1580,50,-1680,NA,50,210,multitask
sub-044,G07,-930,NA,-930,NA,NA,273,monotask
sub-044,G08,-1400,0,-1560,NA,160,250,multitask
sub-044,G09,-575,NA,-825,250,NA,278,monotask
sub-044,G10,-975,-50,-1385,NA,460,225,multitask
sub-045,G01,-630,NA,-880,250,NA,560,monotask
sub-045,G02,525,100,-555,500,480,603,multitask
sub-045,G03,105,NA,-645,750,NA,678,monotask
sub-045,G04,500,400,-700,250,550,599,multitask
sub-045,G05,855,NA,-395,1250,NA,722,monotask
sub-045,G06,910,300,-730,750,590,735,multitask
sub-045,G07,455,NA,-545,1000,NA,703,monotask
sub-045,G08,655,350,-995,750,550,725,multitask
sub-045,G09,990,NA,-260,1250,NA,761,monotask
sub-045,G10,760,450,-910,750,470,782,multitask
sub-046,G01,665,NA,-85,750,NA,307,monotask
sub-046,G02,580,300,-740,250,770,313,multitask
sub-046,G03,140,NA,-1110,1250,NA,332,monotask
sub-046,G04,1245,250,-275,500,770,335,multitask
sub-046,G05,845,NA,-155,1000,NA,364,monotask
sub-046,G06,1580,400,-120,250,1050,343,multitask
sub-046,G07,1045,NA,-205,1250,NA,362,monotask
sub-046,G08,1655,700,-405,500,860,353,multitask
sub-046,G09,995,NA,-505,1500,NA,362,monotask
sub-046,G10,1800,50,-170,750,1170,377,multitask
sub-047,G01,1000,NA,NA,1000,NA,416,monotask
sub-047,G02,1025,100,-35,250,710,372,multitask
sub-047,G03,1200,NA,-50,1250,NA,367,monotask
sub-047,G04,935,350,-455,500,540,327,multitask
sub-047,G05,1200,NA,-50,1250,NA,341,monotask
sub-047,G06,1495,300,-155,750,600,366,multitask
sub-047,G07,1750,NA,NA,1750,NA,364,monotask
sub-047,G08,1865,200,-35,750,950,330,multitask
sub-047,G09,1750,NA,NA,1750,NA,348,monotask
sub-047,G10,1295,50,-85,750,580,351,multitask
sub-048,G01,750,NA,NA,750,NA,333,monotask
sub-048,G02,1380,300,-50,250,880,323,multitask
sub-048,G03,750,NA,NA,750,NA,287,monotask
sub-048,G04,840,50,-300,500,590,327,multitask
sub-048,G05,100,NA,-1400,1500,NA,387,monotask
sub-048,G06,310,50,-830,500,590,390,multitask
sub-048,G07,1845,NA,-1405,3250,NA,637,monotask
sub-048,G08,-550,100,-1530,750,130,405,multitask
sub-048,G09,3265,NA,-485,3750,NA,634,monotask
sub-048,G10,-410,50,-1370,750,160,334,multitask
sub-049,G01,-525,NA,-1275,750,NA,228,monotask
sub-049,G02,-25,250,-1215,250,690,267,multitask
sub-049,G03,-365,NA,-1115,750,NA,258,monotask
sub-049,G04,520,500,-1370,500,890,303,multitask
sub-049,G05,645,NA,-605,1250,NA,276,monotask
sub-049,G06,1975,600,-395,750,1020,323,multitask
sub-049,G07,875,NA,-625,1500,NA,332,monotask
sub-049,G08,850,250,-1000,750,850,300,multitask
sub-049,G09,145,NA,-1105,1250,NA,272,monotask
sub-049,G10,795,500,-1215,750,760,263,multitask
sub-050,G01,895,NA,-105,1000,NA,477,monotask
sub-050,G02,1090,200,-170,500,560,428,multitask
sub-050,G03,2465,NA,-35,2500,NA,634,monotask
sub-050,G04,1090,200,-220,500,610,408,multitask
sub-050,G05,2715,NA,-35,2750,NA,652,monotask
sub-050,G06,1215,500,-275,500,490,387,multitask
sub-050,G07,3900,NA,-100,4000,NA,627,monotask
sub-050,G08,1635,600,-485,500,1020,370,multitask
sub-050,G09,4000,NA,NA,4000,NA,628,monotask
sub-050,G10,2460,600,-170,1000,1030,397,multitask
sub-051,G01,-60,NA,-560,500,NA,320,monotask
sub-051,G02,885,150,-405,250,890,324,multitask
sub-051,G03,425,NA,-325,750,NA,350,monotask
sub-051,G04,895,250,-255,250,650,342,multitask
sub-051,G05,495,NA,-255,750,NA,366,monotask
sub-051,G06,530,0,-430,250,710,331,multitask
sub-051,G07,525,NA,-225,750,NA,337,monotask
sub-051,G08,645,200,-475,250,670,324,multitask
sub-051,G09,580,NA,-170,750,NA,382,monotask
sub-051,G10,860,100,-440,250,950,319,multitask
sub-052,G01,200,NA,-300,500,NA,276,monotask
sub-052,G02,310,500,-860,250,420,243,multitask
sub-052,G03,545,NA,-205,750,NA,285,monotask
sub-052,G04,605,400,-635,250,590,250,multitask
sub-052,G05,-20,NA,-520,500,NA,309,monotask
sub-052,G06,75,400,-765,250,190,257,multitask
sub-052,G07,750,NA,NA,750,NA,245,monotask
sub-052,G08,-415,-50,-895,250,280,217,multitask
sub-052,G09,1250,NA,NA,1250,NA,271,monotask
sub-052,G10,-465,-100,-1005,250,390,254,multitask
sub-053,G01,45,NA,-205,250,NA,387,monotask
sub-053,G02,-175,100,-595,NA,320,423,multitask
sub-053,G03,500,NA,NA,500,NA,469,monotask
sub-053,G04,-905,50,-1545,250,340,428,multitask
sub-053,G05,550,NA,-450,1000,NA,526,monotask
sub-053,G06,965,250,-755,500,970,485,multitask
sub-053,G07,515,NA,-485,1000,NA,572,monotask
sub-053,G08,240,250,-590,250,330,463,multitask
sub-053,G09,1275,NA,-225,1500,NA,624,monotask
sub-053,G10,340,500,-1390,500,730,471,multitask
sub-054,G01,310,NA,-440,750,NA,335,monotask
sub-054,G02,-840,-300,-240,NA,-300,308,multitask
sub-054,G03,30,NA,-470,500,NA,420,monotask
sub-054,G04,-1190,-300,-790,NA,-100,323,multitask
sub-054,G05,865,NA,-135,1000,NA,357,monotask
sub-054,G06,-770,-400,-470,NA,100,369,multitask
sub-054,G07,880,NA,-370,1250,NA,347,monotask
sub-054,G08,-1175,-400,-785,NA,10,301,multitask
sub-054,G09,1250,NA,NA,1250,NA,375,monotask
sub-054,G10,-740,-350,-490,250,-150,341,multitask
sub-055,G01,1430,NA,-70,1500,NA,446,monotask
sub-055,G02,920,300,-430,250,800,513,multitask
sub-055,G03,1315,NA,-185,1500,NA,467,monotask
sub-055,G04,1270,400,-240,500,610,457,multitask
sub-055,G05,1600,NA,-150,1750,NA,492,monotask
sub-055,G06,1755,850,-375,500,780,444,multitask
sub-055,G07,1915,NA,-85,2000,NA,468,monotask
sub-055,G08,2305,800,-35,750,790,446,multitask
sub-055,G09,2115,NA,-135,2250,NA,589,monotask
sub-055,G10,1980,550,-170,750,850,461,multitask
sub-056,G01,750,NA,NA,750,NA,434,monotask
sub-056,G02,1035,200,-255,250,840,442,multitask
sub-056,G03,1250,NA,NA,1250,NA,375,monotask
sub-056,G04,1430,150,-120,500,900,408,multitask
sub-056,G05,1465,NA,-35,1500,NA,337,monotask
sub-056,G06,980,100,-670,750,800,393,multitask
sub-056,G07,1700,NA,-50,1750,NA,356,monotask
sub-056,G08,260,50,-510,500,220,376,multitask
sub-056,G09,1150,NA,-100,1250,NA,389,monotask
sub-056,G10,1020,100,-170,500,590,406,multitask
sub-057,G01,510,NA,-240,750,NA,268,monotask
sub-057,G02,-625,50,-1275,500,100,286,multitask
sub-057,G03,-570,NA,-1320,750,NA,320,monotask
sub-057,G04,45,250,-855,NA,650,343,multitask
sub-057,G05,350,NA,-650,1000,NA,311,monotask
sub-057,G06,310,300,-1400,1000,410,339,multitask
sub-057,G07,-25,NA,-1275,1250,NA,356,monotask
sub-057,G08,965,400,-975,750,790,354,multitask
sub-057,G09,1135,NA,-615,1750,NA,444,monotask
sub-057,G10,610,150,-1110,1000,570,329,multitask
sub-058,G01,295,NA,-205,500,NA,373,monotask
sub-058,G02,1415,400,-205,500,720,367,multitask
sub-058,G03,950,NA,-50,1000,NA,361,monotask
sub-058,G04,680,250,-750,500,680,374,multitask
sub-058,G05,1250,NA,NA,1250,NA,326,monotask
sub-058,G06,-295,100,-1055,250,410,357,multitask
sub-058,G07,1150,NA,-100,1250,NA,361,monotask
sub-058,G08,1530,650,-370,250,1000,393,multitask
sub-058,G09,2000,NA,NA,2000,NA,345,monotask
sub-058,G10,1970,550,-170,500,1090,373,multitask
sub-059,G01,370,NA,-630,1000,NA,417,monotask
sub-059,G02,-1530,-100,-2180,250,500,341,multitask
sub-059,G03,235,NA,-765,1000,NA,483,monotask
sub-059,G04,-595,200,-1655,250,610,338,multitask
sub-059,G05,-1415,NA,-2165,750,NA,457,monotask
sub-059,G06,-1475,250,-2425,500,200,353,multitask
sub-059,G07,-720,NA,-1470,750,NA,394,monotask
sub-059,G08,-650,150,-1530,250,480,348,multitask
sub-059,G09,-790,NA,-1540,750,NA,423,monotask
sub-059,G10,-675,400,-1545,NA,470,384,multitask
sub-060,G01,140,NA,-360,500,NA,353,monotask
sub-060,G02,-925,-50,-1965,250,840,387,multitask
sub-060,G03,-305,NA,-1055,750,NA,408,monotask
sub-060,G04,-545,-50,-1425,250,680,431,multitask
sub-060,G05,-215,NA,-965,750,NA,375,monotask
sub-060,G06,-1140,-350,-1460,500,170,366,multitask
sub-060,G07,-350,NA,-1350,1000,NA,431,monotask
sub-060,G08,-1490,0,-2270,250,530,397,multitask
sub-060,G09,-250,NA,-1250,1000,NA,409,monotask
sub-060,G10,-550,150,-1580,250,630,409,multitask
sub-061,G01,780,NA,-220,1000,NA,398,monotask
sub-061,G02,1585,700,-255,500,640,361,multitask
sub-061,G03,1165,NA,-85,1250,NA,433,monotask
sub-061,G04,1935,850,-485,750,820,388,multitask
sub-061,G05,245,NA,-755,1000,NA,384,monotask
sub-061,G06,1895,1100,-505,500,800,371,multitask
sub-061,G07,730,NA,-520,1250,NA,399,monotask
sub-061,G08,1710,600,-100,500,710,357,multitask
sub-061,G09,1100,NA,-150,1250,NA,340,monotask
sub-061,G10,1960,700,-150,750,660,363,multitask
sub-062,G01,1650,NA,-100,1750,NA,528,monotask
sub-062,G02,860,450,-520,500,430,451,multitask
sub-062,G03,1440,NA,-310,1750,NA,577,monotask
sub-062,G04,1585,450,-475,750,860,468,multitask
sub-062,G05,1175,NA,-575,1750,NA,553,monotask
sub-062,G06,1785,550,-385,750,870,478,multitask
sub-062,G07,1355,NA,-395,1750,NA,542,monotask
sub-062,G08,1665,600,-555,750,870,460,multitask
sub-062,G09,2345,NA,-405,2750,NA,625,monotask
sub-062,G10,1050,350,-1040,1000,740,511,multitask
sub-063,G01,415,NA,-335,750,NA,320,monotask
sub-063,G02,60,50,-960,500,470,339,multitask
sub-063,G03,950,NA,-50,1000,NA,354,monotask
sub-063,G04,-295,50,-805,500,-40,335,multitask
sub-063,G05,865,NA,-135,1000,NA,342,monotask
sub-063,G06,250,50,-720,500,420,343,multitask
sub-063,G07,665,NA,-335,1000,NA,350,monotask
sub-063,G08,105,50,-1085,500,640,340,multitask
sub-063,G09,1000,NA,NA,1000,NA,281,monotask
sub-063,G10,890,50,-300,500,640,308,multitask
sub-064,G01,-890,NA,-1640,750,NA,256,monotask
sub-064,G02,-900,300,-1490,NA,290,261,multitask
sub-064,G03,-505,NA,-1005,500,NA,285,monotask
sub-064,G04,-890,-100,-1070,NA,280,262,multitask
sub-064,G05,-235,NA,-1235,1000,NA,318,monotask
sub-064,G06,-1100,-50,-1480,NA,430,241,multitask
sub-064,G07,-460,NA,-1210,750,NA,349,monotask
sub-064,G08,540,550,-880,250,620,278,multitask
sub-064,G09,25,NA,-1225,1250,NA,344,monotask
sub-064,G10,-200,-50,-1090,250,690,252,multitask
sub-065,G01,510,NA,-240,750,NA,279,monotask
sub-065,G02,35,200,-755,250,340,280,multitask
sub-065,G03,-1670,NA,-1920,250,NA,298,monotask
sub-065,G04,-1395,-50,-1975,250,380,286,multitask
sub-065,G05,-815,NA,-1065,250,NA,265,monotask
sub-065,G06,0,550,-1370,250,570,286,multitask
sub-065,G07,-1010,NA,-1260,250,NA,293,monotask
sub-065,G08,-760,150,-1480,250,320,292,multitask
sub-065,G09,-205,NA,-455,250,NA,261,monotask
sub-065,G10,-255,50,-1225,250,670,257,multitask
sub-066,G01,1000,NA,NA,1000,NA,368,monotask
sub-066,G02,1565,300,-405,750,920,367,multitask
sub-066,G03,1165,NA,-85,1250,NA,439,monotask
sub-066,G04,1040,150,-540,750,680,388,multitask
sub-066,G05,1415,NA,-85,1500,NA,434,monotask
sub-066,G06,1605,450,-385,750,790,422,multitask
sub-066,G07,1580,NA,-170,1750,NA,511,monotask
sub-066,G08,1280,50,-290,750,770,415,multitask
sub-066,G09,1565,NA,-185,1750,NA,467,monotask
sub-066,G10,2590,400,-50,1250,990,429,multitask
sub-067,G01,1915,NA,-85,2000,NA,585,monotask
sub-067,G02,1915,NA,-85,2000,NA,585,multitask
sub-067,G03,2125,250,-135,1250,760,509,monotask
sub-067,G04,1635,150,-135,1000,620,536,multitask
sub-067,G05,3950,NA,-50,4000,NA,690,monotask
sub-067,G06,2500,450,-420,1500,970,544,multitask
sub-067,G07,4830,NA,-670,5500,NA,687,monotask
sub-067,G08,1895,450,-485,1250,680,562,multitask
sub-067,G09,5365,NA,-385,5750,NA,723,monotask
sub-067,G10,2315,50,-135,1250,1150,565,multitask
sub-068,G01,930,NA,-70,1000,NA,303,monotask
sub-068,G02,1265,300,-505,500,970,321,multitask
sub-068,G03,1250,NA,NA,1250,NA,339,monotask
sub-068,G04,1345,200,-185,500,830,313,multitask
sub-068,G05,250,NA,-750,1000,NA,291,monotask
sub-068,G06,1660,350,-450,750,1010,303,multitask
sub-068,G07,850,NA,-400,1250,NA,363,monotask
sub-068,G08,990,250,-450,500,690,347,multitask
sub-068,G09,1250,NA,NA,1250,NA,389,monotask
sub-068,G10,2150,450,-100,750,1050,327,multitask
sub-069,G01,765,NA,-485,1250,NA,371,monotask
sub-069,G02,-700,250,-1880,500,430,356,multitask
sub-069,G03,1250,NA,NA,1250,NA,394,monotask
sub-069,G04,-1345,200,-2495,250,700,399,multitask
sub-069,G05,815,NA,-435,1250,NA,399,monotask
sub-069,G06,1290,350,-680,750,870,458,multitask
sub-069,G07,65,NA,-935,1000,NA,412,monotask
sub-069,G08,1445,250,-505,750,950,407,multitask
sub-069,G09,865,NA,-135,1000,NA,389,monotask
sub-069,G10,2510,600,-150,1000,1060,432,multitask
sub-070,G01,750,NA,NA,750,NA,341,monotask
sub-070,G02,560,-50,-50,250,410,338,multitask
sub-070,G03,1000,NA,NA,1000,NA,347,monotask
sub-070,G04,1070,-50,-70,500,690,314,multitask
sub-070,G05,1215,NA,-35,1250,NA,365,monotask
sub-070,G06,640,0,-370,500,510,319,multitask
sub-070,G07,1750,NA,NA,1750,NA,365,monotask
sub-070,G08,1650,500,-50,500,700,313,multitask
sub-070,G09,2250,NA,NA,2250,NA,362,monotask
sub-070,G10,1580,300,-50,500,830,342,multitask
sub-071,G01,-335,NA,-835,500,NA,303,monotask
sub-071,G02,-475,-50,-1065,250,390,397,multitask
sub-071,G03,310,NA,-440,750,NA,352,monotask
sub-071,G04,485,-50,-505,250,790,325,multitask
sub-071,G05,280,NA,-470,750,NA,319,monotask
sub-071,G06,415,150,-755,250,770,330,multitask
sub-071,G07,590,NA,-660,1250,NA,333,monotask
sub-071,G08,675,50,-575,500,700,315,multitask
sub-071,G09,1280,NA,-220,1500,NA,388,monotask
sub-071,G10,660,150,-820,500,830,342,multitask
sub-072,G01,915,NA,-335,1250,NA,448,monotask
sub-072,G02,10,-50,-1070,500,630,390,multitask
sub-072,G03,565,NA,-435,1000,NA,474,monotask
sub-072,G04,90,200,-1040,750,180,429,multitask
sub-072,G05,-370,NA,-1120,750,NA,463,monotask
sub-072,G06,945,250,-445,500,640,395,multitask
sub-072,G07,555,NA,-695,1250,NA,504,monotask
sub-072,G08,1315,500,-385,500,700,485,multitask
sub-072,G09,1330,NA,-170,1500,NA,567,monotask
sub-072,G10,1520,150,-100,750,720,526,multitask
sub-073,G01,-250,NA,-750,500,NA,311,monotask
sub-073,G02,640,200,-580,250,770,402,multitask
sub-073,G03,280,NA,-470,750,NA,372,monotask
sub-073,G04,-505,0,-1355,250,600,341,multitask
sub-073,G05,450,NA,-300,750,NA,299,monotask
sub-073,G06,575,250,-805,250,880,333,multitask
sub-073,G07,865,NA,-135,1000,NA,334,monotask
sub-073,G08,1050,350,-430,250,880,316,multitask
sub-073,G09,400,NA,-600,1000,NA,316,monotask
sub-073,G10,1230,400,-560,500,890,329,multitask
sub-074,G01,-505,NA,-505,NA,NA,269,monotask
sub-074,G02,85,550,-1155,NA,690,274,multitask
sub-074,G03,595,NA,-155,750,NA,312,monotask
sub-074,G04,-850,200,-1710,250,410,263,multitask
sub-074,G05,-355,NA,-1105,750,NA,297,monotask
sub-074,G06,-385,450,-1545,250,460,299,multitask
sub-074,G07,-160,NA,-1160,1000,NA,337,monotask
sub-074,G08,485,950,-875,250,160,276,multitask
sub-074,G09,-480,NA,-1480,1000,NA,290,monotask
sub-074,G10,925,850,-555,250,380,312,multitask
sub-075,G01,-1345,NA,-1595,250,NA,315,monotask
sub-075,G02,-3255,-50,-3435,NA,230,277,multitask
sub-075,G03,-295,NA,-545,250,NA,313,monotask
sub-075,G04,-2050,-100,-2270,250,70,261,multitask
sub-075,G05,-310,NA,-560,250,NA,320,monotask
sub-075,G06,-2270,-50,-2550,250,80,302,multitask
sub-075,G07,295,NA,-205,500,NA,321,monotask
sub-075,G08,-1220,250,-1720,250,0,308,multitask
sub-075,G09,45,NA,-455,500,NA,318,monotask
sub-075,G10,-855,150,-1745,250,490,299,multitask
sub-076,G01,-1690,NA,-2190,500,NA,331,monotask
sub-076,G02,-2690,-50,-2970,NA,330,297,multitask
sub-076,G03,-1095,NA,-1595,500,NA,329,monotask
sub-076,G04,-915,150,-1625,250,310,288,multitask
sub-076,G05,-1805,NA,-2055,250,NA,296,monotask
sub-076,G06,-2930,100,-3730,500,200,292,multitask
sub-076,G07,-2335,NA,-2835,500,NA,255,monotask
sub-076,G08,-3080,100,-3310,NA,130,246,multitask
sub-076,G09,-1030,NA,-1530,500,NA,313,monotask
sub-076,G10,-2835,300,-3395,250,10,264,multitask
sub-077,G01,330,NA,-170,500,NA,469,monotask
sub-077,G02,570,200,-260,250,380,430,multitask
sub-077,G03,1045,NA,-205,1250,NA,441,monotask
sub-077,G04,-300,50,-1470,500,620,392,multitask
sub-077,G05,240,NA,-510,750,NA,440,monotask
sub-077,G06,635,0,-475,500,610,343,multitask
sub-077,G07,595,NA,-405,1000,NA,400,monotask
sub-077,G08,700,550,-1040,500,690,398,multitask
sub-077,G09,845,NA,-405,1250,NA,460,monotask
sub-077,G10,1095,250,-395,500,740,395,multitask
sub-078,G01,795,NA,-205,1000,NA,297,monotask
sub-078,G02,185,150,-775,250,560,245,multitask
sub-078,G03,920,NA,-580,1500,NA,292,monotask
sub-078,G04,-115,500,-1595,250,730,235,multitask
sub-078,G05,370,NA,-630,1000,NA,258,monotask
sub-078,G06,700,350,-810,250,910,247,multitask
sub-078,G07,495,NA,-755,1250,NA,259,monotask
sub-078,G08,-130,300,-1480,250,800,229,multitask
sub-078,G09,1190,NA,-310,1500,NA,300,monotask
sub-078,G10,505,300,-1015,500,720,242,multitask
sub-079,G01,715,NA,-35,750,NA,397,monotask
sub-079,G02,1290,350,-310,500,750,409,multitask
sub-079,G03,1750,NA,NA,1750,NA,426,monotask
sub-079,G04,1350,500,-400,750,500,368,multitask
sub-079,G05,2000,NA,NA,2000,NA,410,monotask
sub-079,G06,1515,650,-275,500,640,383,multitask
sub-079,G07,1965,NA,-35,2000,NA,356,monotask
sub-079,G08,2375,850,-135,750,910,395,multitask
sub-079,G09,2250,NA,NA,2250,NA,317,monotask
sub-079,G10,2160,550,-50,750,910,385,multitask
sub-080,G01,1625,NA,-625,2250,NA,506,monotask
sub-080,G02,1040,350,-730,1000,420,448,multitask
sub-080,G03,1935,NA,-815,2750,NA,649,monotask
sub-080,G04,925,650,-1495,1250,520,490,multitask
sub-080,G05,1830,NA,-920,2750,NA,583,monotask
sub-080,G06,2020,400,-660,1500,780,431,multitask
sub-080,G07,3055,NA,-695,3750,NA,751,monotask
sub-080,G08,415,450,-1255,500,720,416,multitask
sub-080,G09,3615,NA,-385,4000,NA,818,monotask
sub-080,G10,2115,500,-735,1500,850,431,multitask
sub-081,G01,1500,NA,NA,1500,NA,491,monotask
sub-081,G02,1085,200,-255,500,640,479,multitask
sub-081,G03,2215,NA,-35,2250,NA,510,monotask
sub-081,G04,2110,300,-150,1000,960,477,multitask
sub-081,G05,2300,NA,-450,2750,NA,542,monotask
sub-081,G06,2020,200,-170,1250,740,484,multitask
sub-081,G07,2730,NA,-520,3250,NA,587,monotask
sub-081,G08,1615,200,-435,1000,850,479,multitask
sub-081,G09,2900,NA,-600,3500,NA,606,monotask
sub-081,G10,1745,250,-455,1000,950,490,multitask
sub-082,G01,1000,NA,NA,1000,NA,301,monotask
sub-082,G02,1540,700,-190,250,780,307,multitask
sub-082,G03,1500,NA,NA,1500,NA,355,monotask
sub-082,G04,925,100,-275,250,850,330,multitask
sub-082,G05,2000,NA,NA,2000,NA,314,monotask
sub-082,G06,1560,200,-400,750,1010,314,multitask
sub-082,G07,3250,NA,NA,3250,NA,338,monotask
sub-082,G08,2920,650,-100,1250,1120,309,multitask
sub-082,G09,4250,NA,NA,4250,NA,362,monotask
sub-082,G10,1020,100,-700,750,870,306,multitask
sub-083,G01,680,NA,-70,750,NA,256,monotask
sub-083,G02,450,250,-560,250,510,254,multitask
sub-083,G03,1250,NA,NA,1250,NA,276,monotask
sub-083,G04,1055,450,-625,500,730,295,multitask
sub-083,G05,1250,NA,NA,1250,NA,308,monotask
sub-083,G06,470,750,-1110,250,580,288,multitask
sub-083,G07,865,NA,-385,1250,NA,289,monotask
sub-083,G08,1205,700,-685,500,690,296,multitask
sub-083,G09,1360,NA,-140,1500,NA,327,monotask
sub-083,G10,1190,350,-240,250,830,268,multitask
sub-084,G01,1000,NA,NA,1000,NA,370,monotask
sub-084,G02,2080,750,-120,500,950,439,multitask
sub-084,G03,1700,NA,-50,1750,NA,422,monotask
sub-084,G04,2140,900,-170,500,910,394,multitask
sub-084,G05,2750,NA,NA,2750,NA,329,monotask
sub-084,G06,2595,850,-85,750,1080,379,multitask
sub-084,G07,3750,NA,NA,3750,NA,448,monotask
sub-084,G08,3110,950,-50,1250,960,378,multitask
sub-084,G09,3650,NA,-100,3750,NA,477,monotask
sub-084,G10,3090,500,NA,1500,1090,369,multitask
sub-085,G01,-1325,NA,-1825,500,NA,308,monotask
sub-085,G02,-1955,50,-2515,500,10,298,multitask
sub-085,G03,-1660,NA,-1910,250,NA,324,monotask
sub-085,G04,-1100,200,-1980,250,430,300,multitask
sub-085,G05,-2055,NA,-2305,250,NA,252,monotask
sub-085,G06,-2070,150,-2900,250,430,274,multitask
sub-085,G07,-2020,NA,-2270,250,NA,262,monotask
sub-085,G08,-2105,150,-2615,250,110,287,multitask
sub-085,G09,-1165,NA,-1665,500,NA,258,monotask
sub-085,G10,-975,0,-1295,250,70,268,multitask
sub-086,G01,-970,NA,-1470,500,NA,188,monotask
sub-086,G02,-970,150,-1810,250,440,192,multitask
sub-086,G03,-440,NA,-940,500,NA,209,monotask
sub-086,G04,-15,200,-1055,250,590,237,multitask
sub-086,G05,215,NA,-535,750,NA,218,monotask
sub-086,G06,-865,250,-1915,500,300,186,multitask
sub-086,G07,-795,NA,-1295,500,NA,214,monotask
sub-086,G08,-965,300,-1595,250,80,200,multitask
sub-086,G09,-455,NA,-1205,750,NA,229,monotask
sub-086,G10,-825,300,-1895,500,270,211,multitask
sub-087,G01,400,NA,-100,500,NA,354,monotask
sub-087,G02,1020,850,-720,250,640,325,multitask
sub-087,G03,-185,NA,-935,750,NA,337,monotask
sub-087,G04,1160,950,-610,250,570,330,multitask
sub-087,G05,-85,NA,-1085,1000,NA,363,monotask
sub-087,G06,970,250,-770,500,990,343,multitask
sub-087,G07,1365,NA,-385,1750,NA,396,monotask
sub-087,G08,915,700,-1005,250,970,365,multitask
sub-087,G09,1615,NA,-385,2000,NA,393,monotask
sub-087,G10,1445,350,-455,500,1050,355,multitask
sub-088,G01,-600,NA,-1100,500,NA,363,monotask
sub-088,G02,-325,250,-1435,250,610,401,multitask
sub-088,G03,-375,NA,-1125,750,NA,502,monotask
sub-088,G04,-1080,0,-1950,500,370,406,multitask
sub-088,G05,305,NA,-695,1000,NA,486,monotask
sub-088,G06,-155,400,-1655,500,600,484,multitask
sub-088,G07,50,NA,-700,750,NA,510,monotask
sub-088,G08,-455,350,-1645,250,590,415,multitask
sub-088,G09,825,NA,-675,1500,NA,499,monotask
sub-088,G10,-690,200,-1740,250,600,421,multitask
sub-089,G01,315,NA,-435,750,NA,318,monotask
sub-089,G02,1695,700,-185,250,930,322,multitask
sub-089,G03,1250,NA,NA,1250,NA,322,monotask
sub-089,G04,640,600,-770,250,560,290,multitask
sub-089,G05,600,NA,-150,750,NA,316,monotask
sub-089,G06,1260,850,-540,250,700,289,multitask
sub-089,G07,950,NA,-50,1000,NA,331,monotask
sub-089,G08,715,600,-735,250,600,293,multitask
sub-089,G09,1500,NA,NA,1500,NA,328,monotask
sub-089,G10,1715,750,-205,250,920,317,multitask
sub-090,G01,1500,NA,NA,1500,NA,394,monotask
sub-090,G02,1805,600,-135,500,840,401,multitask
sub-090,G03,1500,NA,NA,1500,NA,415,monotask
sub-090,G04,1210,450,-150,500,410,421,multitask
sub-090,G05,1500,NA,NA,1500,NA,410,monotask
sub-090,G06,2240,500,NA,750,990,396,multitask
sub-090,G07,2500,NA,NA,2500,NA,447,monotask
sub-090,G08,1910,400,-50,750,810,409,multitask
sub-090,G09,2500,NA,NA,2500,NA,463,monotask
sub-090,G10,1745,500,-135,500,880,380,multitask
sub-091,G01,965,NA,-35,1000,NA,419,monotask
sub-091,G02,1030,350,-490,750,420,427,multitask
sub-091,G03,1665,NA,-85,1750,NA,356,monotask
sub-091,G04,1455,300,-405,750,810,409,multitask
sub-091,G05,1200,NA,-300,1500,NA,409,monotask
sub-091,G06,1380,550,-750,750,830,403,multitask
sub-091,G07,1430,NA,-70,1500,NA,375,monotask
sub-091,G08,1980,500,-50,500,1030,422,multitask
sub-091,G09,1650,NA,-100,1750,NA,344,monotask
sub-091,G10,1265,0,-335,750,850,372,multitask
sub-092,G01,1250,NA,NA,1250,NA,351,monotask
sub-092,G02,805,250,-405,500,460,308,multitask
sub-092,G03,680,NA,-70,750,NA,340,monotask
sub-092,G04,815,300,-385,250,650,292,multitask
sub-092,G05,1250,NA,NA,1250,NA,321,monotask
sub-092,G06,1340,500,-450,500,790,281,multitask
sub-092,G07,1450,NA,-50,1500,NA,347,monotask
sub-092,G08,1500,550,-440,500,890,276,multitask
sub-092,G09,1750,NA,NA,1750,NA,382,monotask
sub-092,G10,1090,250,-650,750,740,332,multitask
sub-093,G01,-585,NA,-835,250,NA,270,monotask
sub-093,G02,-1470,100,-2130,250,310,287,multitask
sub-093,G03,-1750,NA,-2250,500,NA,290,monotask
sub-093,G04,-615,0,-835,250,-30,263,multitask
sub-093,G05,-725,NA,-1225,500,NA,282,monotask
sub-093,G06,-855,100,-1755,250,550,249,multitask
sub-093,G07,610,NA,-140,750,NA,287,monotask
sub-093,G08,-845,-50,-1175,250,130,277,multitask
sub-093,G09,160,NA,-590,750,NA,292,monotask
sub-093,G10,-975,200,-2015,250,590,264,multitask
sub-094,G01,165,NA,-335,500,NA,212,monotask
sub-094,G02,-795,150,-1275,NA,330,197,multitask
sub-094,G03,-290,NA,-790,500,NA,191,monotask
sub-094,G04,355,550,-895,250,450,194,multitask
sub-094,G05,195,NA,-555,750,NA,237,monotask
sub-094,G06,10,300,-860,250,320,183,multitask
sub-094,G07,340,NA,-660,1000,NA,214,monotask
sub-094,G08,195,250,-995,250,690,220,multitask
sub-094,G09,630,NA,-120,750,NA,222,monotask
sub-094,G10,800,500,-540,NA,840,216,multitask
sub-095,G01,815,NA,-185,1000,NA,379,monotask
sub-095,G02,340,100,-810,500,550,388,multitask
sub-095,G03,1250,NA,NA,1250,NA,427,monotask
sub-095,G04,1445,300,-185,500,830,404,multitask
sub-095,G05,1450,NA,-300,1750,NA,530,monotask
sub-095,G06,2080,700,-300,750,930,416,multitask
sub-095,G07,1900,NA,-100,2000,NA,559,monotask
sub-095,G08,1870,750,-400,750,770,446,multitask
sub-095,G09,2250,NA,NA,2250,NA,565,monotask
sub-095,G10,1670,600,-350,750,670,416,multitask
sub-096,G01,1700,NA,-50,1750,NA,541,monotask
sub-096,G02,1570,200,-100,500,970,484,multitask
sub-096,G03,2150,NA,-100,2250,NA,514,monotask
sub-096,G04,2320,600,-50,750,1020,434,multitask
sub-096,G05,3365,NA,-135,3500,NA,629,monotask
sub-096,G06,2500,400,-100,1250,950,464,multitask
sub-096,G07,4165,NA,-85,4250,NA,600,monotask
sub-096,G08,2070,350,-200,1250,670,527,multitask
sub-096,G09,3615,NA,-135,3750,NA,629,monotask
sub-096,G10,2620,200,-100,1500,1020,525,multitask
sub-097,G01,-1180,NA,-1680,500,NA,671,monotask
sub-097,G02,-1570,50,-1630,NA,10,615,multitask
sub-097,G03,-615,NA,-1115,500,NA,779,monotask
sub-097,G04,-2100,-150,-2100,250,-100,578,multitask
sub-097,G05,-900,NA,-1150,250,NA,624,monotask
sub-097,G06,-885,0,-1555,500,170,691,multitask
sub-097,G07,-440,NA,-940,500,NA,674,monotask
sub-097,G08,-35,400,-1065,250,380,806,multitask
sub-097,G09,155,NA,-345,500,NA,947,monotask
sub-097,G10,-1365,50,-2025,250,360,736,multitask
sub-098,G01,1450,NA,-50,1500,NA,379,monotask
sub-098,G02,1170,50,-100,750,470,350,multitask
sub-098,G03,2500,NA,NA,2500,NA,597,monotask
sub-098,G04,745,-100,-485,1000,330,363,multitask
sub-098,G05,2115,NA,-135,2250,NA,573,monotask
sub-098,G06,2080,0,-350,1750,680,385,multitask
sub-098,G07,3750,NA,NA,3750,NA,623,monotask
sub-098,G08,1960,50,-150,1750,310,392,multitask
sub-098,G09,5400,NA,-100,5500,NA,752,monotask
sub-098,G10,1715,100,-785,2000,400,490,multitask
sub-099,G01,1750,NA,NA,1750,NA,344,monotask
sub-099,G02,940,500,-1000,750,690,403,multitask
sub-099,G03,1700,NA,-50,1750,NA,307,monotask
sub-099,G04,2310,700,-100,750,960,327,multitask
sub-099,G05,2250,NA,NA,2250,NA,347,monotask
sub-099,G06,2990,650,-50,1250,1140,362,multitask
sub-099,G07,2150,NA,-100,2250,NA,349,monotask
sub-099,G08,2670,500,-400,1500,1070,337,multitask
sub-099,G09,1515,NA,-735,2250,NA,446,monotask
sub-099,G10,3610,1150,-100,1500,1060,381,multitask
sub-100,G01,1450,NA,-50,1500,NA,485,monotask
sub-100,G02,2260,550,-100,1000,810,446,multitask
sub-100,G03,4750,NA,NA,4750,NA,619,monotask
sub-100,G04,3160,550,-100,1750,960,516,multitask
sub-100,G05,4250,NA,NA,4250,NA,678,monotask
sub-100,G06,2020,350,-700,1750,620,487,multitask
sub-100,G07,3750,NA,NA,3750,NA,589,monotask
sub-100,G08,2435,650,-505,1500,790,550,multitask
sub-100,G09,3450,NA,-50,3500,NA,688,monotask
sub-100,G10,2170,150,-50,1250,820,523,multitask
sub-101,G01,645,NA,-105,750,NA,364,monotask
sub-101,G02,390,250,-610,250,500,338,multitask
sub-101,G03,480,NA,-520,1000,NA,378,monotask
sub-101,G04,110,400,-960,250,420,356,multitask
sub-101,G05,315,NA,-435,750,NA,392,monotask
sub-101,G06,1110,900,-470,250,430,374,multitask
sub-101,G07,1145,NA,-105,1250,NA,452,monotask
sub-101,G08,1070,400,-340,250,760,381,multitask
sub-101,G09,850,NA,-400,1250,NA,408,monotask
sub-101,G10,1210,350,-400,500,760,344,multitask
sub-102,G01,2200,NA,-300,2500,NA,484,monotask
sub-102,G02,2050,400,-970,1750,870,473,multitask
sub-102,G03,1815,NA,-685,2500,NA,473,monotask
sub-102,G04,2085,500,-1155,2000,740,423,multitask
sub-102,G05,1710,NA,-790,2500,NA,459,monotask
sub-102,G06,2280,500,-370,1500,650,419,multitask
sub-102,G07,3400,NA,-100,3500,NA,470,monotask
sub-102,G08,1665,150,-635,1500,650,433,multitask
sub-102,G09,4615,NA,-135,4750,NA,549,monotask
sub-102,G10,1520,100,-1120,1750,790,461,multitask
sub-103,G01,1500,NA,NA,1500,NA,266,monotask
sub-103,G02,775,0,-485,500,760,273,multitask
sub-103,G03,2250,NA,NA,2250,NA,287,monotask
sub-103,G04,1910,50,-100,1000,960,295,multitask
sub-103,G05,2180,NA,-70,2250,NA,270,monotask
sub-103,G06,990,150,-600,750,690,326,multitask
sub-103,G07,1900,NA,-100,2000,NA,307,monotask
sub-103,G08,2290,250,-150,1250,940,296,multitask
sub-103,G09,2200,NA,-50,2250,NA,309,monotask
sub-103,G10,2130,350,-350,1250,880,313,multitask
sub-104,G01,-1785,NA,-1785,NA,NA,282,monotask
sub-104,G02,-2585,-150,-2685,NA,250,221,multitask
sub-104,G03,-1305,NA,-1555,250,NA,300,monotask
sub-104,G04,-2585,-50,-2595,NA,60,272,multitask
sub-104,G05,-1975,NA,-2225,250,NA,292,monotask
sub-104,G06,-2005,-350,-1765,NA,110,215,multitask
sub-104,G07,-2215,NA,-2215,NA,NA,289,monotask
sub-104,G08,-1335,0,-1755,NA,420,238,multitask
sub-104,G09,-970,NA,-1220,250,NA,306,monotask
sub-104,G10,-3335,-200,-3105,NA,-30,292,multitask
sub-105,G01,-165,NA,-665,500,NA,227,monotask
sub-105,G02,-720,300,-1720,500,200,280,multitask
sub-105,G03,-1010,NA,-1760,750,NA,210,monotask
sub-105,G04,-815,450,-1865,250,350,206,multitask
sub-105,G05,-145,NA,-895,750,NA,248,monotask
sub-105,G06,-1145,500,-2245,250,350,235,multitask
sub-105,G07,280,NA,-720,1000,NA,268,monotask
sub-105,G08,-1465,50,-1865,250,100,239,multitask
sub-105,G09,-365,NA,-1615,1250,NA,257,monotask
sub-105,G10,-535,650,-2035,500,350,250,multitask
sub-106,G01,450,NA,-300,750,NA,284,monotask
sub-106,G02,190,150,-1050,500,590,348,multitask
sub-106,G03,115,NA,-635,750,NA,312,monotask
sub-106,G04,105,150,-855,250,560,305,multitask
sub-106,G05,-835,NA,-1335,500,NA,296,monotask
sub-106,G06,-800,100,-1420,NA,520,319,multitask
sub-106,G07,-100,NA,-600,500,NA,303,monotask
sub-106,G08,400,100,-750,250,800,336,multitask
sub-106,G09,-275,NA,-775,500,NA,310,monotask
sub-106,G10,-355,0,-1285,250,680,324,multitask
sub-107,G01,750,NA,NA,750,NA,315,monotask
sub-107,G02,395,150,-205,NA,450,223,multitask
sub-107,G03,1200,NA,-50,1250,NA,300,monotask
sub-107,G04,-585,50,-635,NA,0,215,multitask
sub-107,G05,815,NA,-435,1250,NA,303,monotask
sub-107,G06,-320,100,-470,NA,50,284,multitask
sub-107,G07,1150,NA,-100,1250,NA,364,monotask
sub-107,G08,580,100,-350,NA,830,290,multitask
sub-107,G09,1250,NA,NA,1250,NA,341,monotask
sub-107,G10,1090,150,-220,250,910,289,multitask
sub-108,G01,680,NA,-70,750,NA,368,monotask
sub-108,G02,1325,550,-455,750,480,359,multitask
sub-108,G03,1200,NA,-50,1250,NA,357,monotask
sub-108,G04,2340,850,-100,500,1090,380,multitask
sub-108,G05,1750,NA,NA,1750,NA,415,monotask
sub-108,G06,2380,950,-50,500,980,363,multitask
sub-108,G07,2000,NA,NA,2000,NA,393,monotask
sub-108,G08,3020,1050,NA,1000,970,364,multitask
sub-108,G09,2200,NA,-50,2250,NA,410,monotask
sub-108,G10,2695,1000,-185,1000,880,379,multitask
sub-109,G01,1500,NA,NA,1500,NA,322,monotask
sub-109,G02,1590,300,-120,750,660,349,multitask
sub-109,G03,2250,NA,NA,2250,NA,402,monotask
sub-109,G04,2055,600,-225,750,930,378,multitask
sub-109,G05,1900,NA,-100,2000,NA,424,monotask
sub-109,G06,905,50,-135,500,490,337,multitask
sub-109,G07,3250,NA,NA,3250,NA,416,monotask
sub-109,G08,2050,300,-100,1000,850,410,multitask
sub-109,G09,4500,NA,NA,4500,NA,469,monotask
sub-109,G10,2445,550,-335,1250,980,404,multitask
sub-110,G01,2605,NA,-395,3000,NA,699,monotask
sub-110,G02,2095,650,-455,1250,650,605,multitask
sub-110,G03,3355,NA,-395,3750,NA,781,monotask
sub-110,G04,2780,550,-340,1750,820,713,multitask
sub-110,G05,3420,NA,-580,4000,NA,840,monotask
sub-110,G06,2730,550,-470,2000,650,682,multitask
sub-110,G07,4495,NA,-505,5000,NA,955,monotask
sub-110,G08,3670,650,-440,2500,960,764,multitask
sub-110,G09,5255,NA,-245,5500,NA,966,monotask
sub-110,G10,3165,700,-85,1750,800,717,multitask
sub-111,G01,-195,NA,-945,750,NA,396,monotask
sub-111,G02,-1015,350,-1815,250,200,427,multitask
sub-111,G03,-1580,NA,-2080,500,NA,384,monotask
sub-111,G04,-545,150,-1155,250,210,434,multitask
sub-111,G05,-310,NA,-810,500,NA,395,monotask
sub-111,G06,-1275,-50,-1795,250,320,400,multitask
sub-111,G07,-295,NA,-1295,1000,NA,446,monotask
sub-111,G08,-315,0,-1585,500,770,469,multitask
sub-111,G09,-540,NA,-2040,1500,NA,495,monotask
sub-111,G10,-235,50,-1595,500,810,476,multitask
sub-112,G01,375,NA,-625,1000,NA,389,monotask
sub-112,G02,670,850,-910,250,480,371,multitask
sub-112,G03,1330,NA,-170,1500,NA,396,monotask
sub-112,G04,1305,600,-805,500,1010,420,multitask
sub-112,G05,1565,NA,-185,1750,NA,423,monotask
sub-112,G06,1605,700,-805,750,960,427,multitask
sub-112,G07,745,NA,-755,1500,NA,421,monotask
sub-112,G08,2170,1000,-590,750,1010,430,multitask
sub-112,G09,1095,NA,-405,1500,NA,446,monotask
sub-112,G10,1555,950,-995,750,850,403,multitask
sub-113,G01,945,NA,-555,1500,NA,372,monotask
sub-113,G02,-320,650,-1630,250,410,377,multitask
sub-113,G03,-295,NA,-1295,1000,NA,367,monotask
sub-113,G04,-90,350,-1540,500,600,345,multitask
sub-113,G05,545,NA,-1205,1750,NA,384,monotask
sub-113,G06,-120,500,-1470,500,350,306,multitask
sub-113,G07,110,NA,-1140,1250,NA,332,monotask
sub-113,G08,355,450,-1415,500,820,325,multitask
sub-113,G09,350,NA,-1150,1500,NA,363,monotask
sub-113,G10,-1020,350,-1900,250,280,293,multitask
sub-114,G01,-350,NA,-1100,750,NA,437,monotask
sub-114,G02,-1325,100,-1925,250,250,337,multitask
sub-114,G03,-355,NA,-1105,750,NA,321,monotask
sub-114,G04,-1110,0,-1950,500,340,315,multitask
sub-114,G05,-195,NA,-945,750,NA,354,monotask
sub-114,G06,-280,50,-1330,250,750,285,multitask
sub-114,G07,580,NA,-170,750,NA,527,monotask
sub-114,G08,425,200,-475,250,450,478,multitask
sub-114,G09,-245,NA,-995,750,NA,445,monotask
sub-114,G10,490,400,-930,250,770,338,multitask
sub-115,G01,1250,NA,NA,1250,NA,445,monotask
sub-115,G02,1020,200,-470,500,790,483,multitask
sub-115,G03,710,NA,-540,1250,NA,496,monotask
sub-115,G04,1020,-50,-360,500,930,427,multitask
sub-115,G05,1095,NA,-155,1250,NA,456,monotask
sub-115,G06,1635,50,-185,750,1020,447,multitask
sub-115,G07,1015,NA,-485,1500,NA,528,monotask
sub-115,G08,1630,200,-350,750,1030,470,multitask
sub-115,G09,1630,NA,-370,2000,NA,489,monotask
sub-115,G10,1820,300,-100,500,1120,443,multitask
sub-116,G01,-535,NA,-1035,500,NA,346,monotask
sub-116,G02,-1020,150,-1490,NA,320,324,multitask
sub-116,G03,-1795,NA,-2295,500,NA,333,monotask
sub-116,G04,-1520,250,-2490,250,470,336,multitask
sub-116,G05,-155,NA,-905,750,NA,307,monotask
sub-116,G06,-655,400,-2055,500,500,336,multitask
sub-116,G07,-375,NA,-1125,750,NA,322,monotask
sub-116,G08,-440,300,-2120,750,630,316,multitask
sub-116,G09,-1410,NA,-2660,1250,NA,384,monotask
sub-116,G10,-530,200,-1600,500,370,345,multitask
sub-117,G01,-135,NA,-1635,1500,NA,424,monotask
sub-117,G02,285,50,-695,500,430,393,multitask
sub-117,G03,690,NA,-560,1250,NA,466,monotask
sub-117,G04,1010,200,-730,750,790,402,multitask
sub-117,G05,160,NA,-1090,1250,NA,429,monotask
sub-117,G06,580,350,-870,500,600,405,multitask
sub-117,G07,1045,NA,-205,1250,NA,430,monotask
sub-117,G08,1005,300,-695,500,900,409,multitask
sub-117,G09,1260,NA,-490,1750,NA,415,monotask
sub-117,G10,1270,300,-290,750,510,372,multitask
sub-118,G01,-2180,NA,-2680,500,NA,367,monotask
sub-118,G02,-1615,-150,-1595,NA,130,379,multitask
sub-118,G03,-310,NA,-560,250,NA,345,monotask
sub-118,G04,-2305,-350,-1865,NA,-90,345,multitask
sub-118,G05,-1135,NA,-1385,250,NA,320,monotask
sub-118,G06,-1160,0,-1400,250,-10,324,multitask
sub-118,G07,-190,NA,-440,250,NA,335,monotask
sub-118,G08,-1095,0,-1405,250,60,299,multitask
sub-118,G09,-445,NA,-695,250,NA,346,monotask
sub-118,G10,-1375,-150,-1125,NA,-100,340,multitask
sub-119,G01,515,NA,-735,1250,NA,423,monotask
sub-119,G02,-1925,50,-2095,NA,120,333,multitask
sub-119,G03,460,NA,-540,1000,NA,368,monotask
sub-119,G04,-465,200,-1265,500,100,305,multitask
sub-119,G05,-640,NA,-1140,500,NA,374,monotask
sub-119,G06,-990,-100,-1560,500,170,345,multitask
sub-119,G07,-410,NA,-1160,750,NA,341,monotask
sub-119,G08,-530,50,-1860,750,530,323,multitask
sub-119,G09,200,NA,-800,1000,NA,344,monotask
sub-119,G10,-255,150,-1285,250,630,359,multitask
sub-120,G01,275,NA,-225,500,NA,325,monotask
sub-120,G02,-505,200,-775,250,-180,301,multitask
sub-120,G03,120,NA,-630,750,NA,321,monotask
sub-120,G04,-75,350,-545,NA,120,310,multitask
sub-120,G05,325,NA,-175,500,NA,345,monotask
sub-120,G06,245,400,-325,250,-80,389,multitask
sub-120,G07,750,NA,NA,750,NA,323,monotask
sub-120,G08,815,100,-405,500,620,310,multitask
sub-120,G09,1000,NA,NA,1000,NA,353,monotask
sub-120,G10,1340,350,-220,500,710,326,multitask
sub-121,G01,630,NA,-120,750,NA,312,monotask
sub-121,G02,-450,100,-450,250,-350,263,multitask
sub-121,G03,900,NA,-100,1000,NA,324,monotask
sub-121,G04,-20,400,-770,250,100,304,multitask
sub-121,G05,960,NA,-290,1250,NA,382,monotask
sub-121,G06,-340,250,-440,NA,-150,272,multitask
sub-121,G07,1115,NA,-135,1250,NA,374,monotask
sub-121,G08,960,200,-540,750,550,316,multitask
sub-121,G09,1500,NA,NA,1500,NA,369,monotask
sub-121,G10,160,350,-590,250,150,329,multitask
sub-122,G01,2250,NA,NA,2250,NA,554,monotask
sub-122,G02,1340,150,-100,500,790,467,multitask
sub-122,G03,4000,NA,NA,4000,NA,617,monotask
sub-122,G04,2870,350,-100,1750,870,524,multitask
sub-122,G05,4000,NA,NA,4000,NA,585,monotask
sub-122,G06,2920,500,-100,1750,770,508,multitask
sub-122,G07,4250,NA,NA,4250,NA,605,monotask
sub-122,G08,3170,650,-50,1750,820,478,multitask
sub-122,G09,4750,NA,NA,4750,NA,622,monotask
sub-122,G10,3130,400,-100,2000,830,582,multitask
sub-123,G01,265,NA,-485,750,NA,397,monotask
sub-123,G02,960,700,-730,250,740,382,multitask
sub-123,G03,195,NA,-555,750,NA,405,monotask
sub-123,G04,-90,400,-1490,250,750,364,multitask
sub-123,G05,230,NA,-520,750,NA,368,monotask
sub-123,G06,1320,300,-240,500,760,393,multitask
sub-123,G07,665,NA,-85,750,NA,415,monotask
sub-123,G08,820,450,-610,250,730,380,multitask
sub-123,G09,1080,NA,-170,1250,NA,454,monotask
sub-123,G10,550,550,-1260,500,760,368,multitask
sub-124,G01,1500,NA,NA,1500,NA,365,monotask
sub-124,G02,1110,400,-720,500,930,335,multitask
sub-124,G03,2115,NA,-635,2750,NA,371,monotask
sub-124,G04,350,150,-900,500,600,367,multitask
sub-124,G05,2750,NA,NA,2750,NA,383,monotask
sub-124,G06,1520,150,-600,1000,970,356,multitask
sub-124,G07,2750,NA,NA,2750,NA,391,monotask
sub-124,G08,800,100,-840,500,1040,369,multitask
sub-124,G09,2750,NA,NA,2750,NA,381,monotask
sub-124,G10,285,0,-935,750,470,308,multitask
sub-125,G01,-375,NA,-875,500,NA,285,monotask
sub-125,G02,355,450,-1175,500,580,343,multitask
sub-125,G03,-1025,NA,-1525,500,NA,332,monotask
sub-125,G04,-575,200,-975,NA,200,344,multitask
sub-125,G05,365,NA,-385,750,NA,392,monotask
sub-125,G06,-30,250,-1300,250,770,339,multitask
sub-125,G07,495,NA,-255,750,NA,344,monotask
sub-125,G08,0,-150,-970,500,620,314,multitask
sub-125,G09,365,NA,-135,500,NA,334,monotask
sub-125,G10,485,200,-895,500,680,345,multitask
sub-126,G01,1210,NA,-540,1750,NA,400,monotask
sub-126,G02,1390,150,-420,1000,660,363,multitask
sub-126,G03,2465,NA,-785,3250,NA,489,monotask
sub-126,G04,890,0,-950,1250,590,375,multitask
sub-126,G05,2580,NA,-670,3250,NA,575,monotask
sub-126,G06,1455,150,-685,1250,740,444,multitask
sub-126,G07,3195,NA,-555,3750,NA,571,monotask
sub-126,G08,1915,300,-435,1250,800,422,multitask
sub-126,G09,3600,NA,-150,3750,NA,553,monotask
sub-126,G10,2185,200,-85,1500,570,461,multitask
sub-127,G01,1430,NA,-70,1500,NA,354,monotask
sub-127,G02,1180,350,-150,250,730,308,multitask
sub-127,G03,1315,NA,-185,1500,NA,377,monotask
sub-127,G04,1395,650,-455,500,700,342,multitask
sub-127,G05,765,NA,-485,1250,NA,384,monotask
sub-127,G06,805,450,-775,500,630,338,multitask
sub-127,G07,1715,NA,-35,1750,NA,370,monotask
sub-127,G08,2375,700,-505,1250,930,328,multitask
sub-127,G09,1565,NA,-435,2000,NA,416,monotask
sub-127,G10,2490,300,-100,1250,1040,319,multitask
sub-128,G01,1195,NA,-805,2000,NA,566,monotask
sub-128,G02,500,600,-1530,1000,430,472,multitask
sub-128,G03,5,NA,-1245,1250,NA,630,monotask
sub-128,G04,505,200,-1075,750,630,476,multitask
sub-128,G05,800,NA,-1450,2250,NA,542,monotask
sub-128,G06,1130,700,-1260,1000,690,469,multitask
sub-128,G07,725,NA,-1775,2500,NA,522,monotask
sub-128,G08,740,750,-1690,1000,680,483,multitask
sub-128,G09,1150,NA,-1600,2750,NA,588,monotask
sub-128,G10,1310,500,-1260,1250,820,495,multitask
sub-129,G01,965,NA,-35,1000,NA,335,monotask
sub-129,G02,1680,400,-120,500,900,336,multitask
sub-129,G03,1465,NA,-35,1500,NA,383,monotask
sub-129,G04,400,50,-790,500,640,339,multitask
sub-129,G05,1025,NA,-475,1500,NA,317,monotask
sub-129,G06,1645,0,-225,1250,620,315,multitask
sub-129,G07,745,NA,-505,1250,NA,351,monotask
sub-129,G08,1805,200,-155,750,1010,346,multitask
sub-129,G09,1565,NA,-435,2000,NA,314,monotask
sub-129,G10,1350,100,-170,750,670,317,multitask
sub-130,G01,1700,NA,-50,1750,NA,372,monotask
sub-130,G02,545,200,-555,500,400,340,multitask
sub-130,G03,2750,NA,NA,2750,NA,392,monotask
sub-130,G04,1500,400,-540,1000,640,363,multitask
sub-130,G05,2465,NA,-35,2500,NA,471,monotask
sub-130,G06,1070,600,-220,500,190,362,multitask
sub-130,G07,2965,NA,-35,3000,NA,438,monotask
sub-130,G08,2065,200,-235,1250,850,355,multitask
sub-130,G09,4000,NA,NA,4000,NA,459,monotask
sub-130,G10,2690,200,NA,1500,990,427,multitask
sub-131,G01,-870,NA,-1370,500,NA,301,monotask
sub-131,G02,-2500,-100,-2870,NA,470,320,multitask
sub-131,G03,-1215,NA,-1715,500,NA,257,monotask
sub-131,G04,30,250,-1240,250,770,313,multitask
sub-131,G05,-1580,NA,-1830,250,NA,262,monotask
sub-131,G06,-485,150,-1705,500,570,274,multitask
sub-131,G07,-1075,NA,-1825,750,NA,238,monotask
sub-131,G08,-330,300,-1680,500,550,294,multitask
sub-131,G09,-850,NA,-1600,750,NA,256,monotask
sub-131,G10,-380,400,-1700,500,420,281,multitask
sub-132,G01,-330,NA,-580,250,NA,293,monotask
sub-132,G02,-395,50,-765,NA,320,285,multitask
sub-132,G03,-430,NA,-680,250,NA,290,monotask
sub-132,G04,-590,150,-930,NA,190,286,multitask
sub-132,G05,-530,NA,-1030,500,NA,258,monotask
sub-132,G06,135,200,-775,250,460,261,multitask
sub-132,G07,230,NA,-520,750,NA,268,monotask
sub-132,G08,120,100,-670,250,440,274,multitask
sub-132,G09,125,NA,-625,750,NA,273,monotask
sub-132,G10,810,200,-470,250,830,270,multitask
sub-133,G01,360,NA,-140,500,NA,307,monotask
sub-133,G02,-25,-100,-755,250,580,309,multitask
sub-133,G03,-480,NA,-730,250,NA,357,monotask
sub-133,G04,-280,300,-1320,250,490,339,multitask
sub-133,G05,-280,NA,-1030,750,NA,418,monotask
sub-133,G06,-485,0,-1265,250,530,358,multitask
sub-133,G07,225,NA,-525,750,NA,350,monotask
sub-133,G08,-235,500,-1245,250,260,323,multitask
sub-133,G09,-685,NA,-1435,750,NA,345,monotask
sub-133,G10,90,200,-1300,500,690,331,multitask
sub-134,G01,915,NA,-85,1000,NA,344,monotask
sub-134,G02,1330,200,-350,500,980,326,multitask
sub-134,G03,1500,NA,NA,1500,NA,342,monotask
sub-134,G04,1330,150,-220,500,900,346,multitask
sub-134,G05,2000,NA,NA,2000,NA,342,monotask
sub-134,G06,1010,250,-350,500,610,330,multitask
sub-134,G07,2250,NA,NA,2250,NA,382,monotask
sub-134,G08,910,250,-350,500,510,334,multitask
sub-134,G09,1650,NA,-100,1750,NA,377,monotask
sub-134,G10,1190,300,-650,750,790,324,multitask
sub-135,G01,-850,NA,-1100,250,NA,248,monotask
sub-135,G02,-2280,100,-2430,NA,50,240,multitask
sub-135,G03,-305,NA,-555,250,NA,285,monotask
sub-135,G04,-885,350,-1435,NA,200,257,multitask
sub-135,G05,-750,NA,-1250,500,NA,282,monotask
sub-135,G06,-195,400,-995,250,150,255,multitask
sub-135,G07,-80,NA,-580,500,NA,300,monotask
sub-135,G08,-1435,400,-2235,250,150,256,multitask
sub-135,G09,-10,NA,-260,250,NA,304,monotask
sub-135,G10,760,500,-540,250,550,307,multitask
sub-136,G01,1950,NA,-50,2000,NA,503,monotask
sub-136,G02,550,150,-1040,750,690,470,multitask
sub-136,G03,1650,NA,-350,2000,NA,505,monotask
sub-136,G04,2690,750,-150,1000,1090,497,multitask
sub-136,G05,2100,NA,-400,2500,NA,515,monotask
sub-136,G06,890,200,-650,750,590,441,multitask
sub-136,G07,2515,NA,-485,3000,NA,544,monotask
sub-136,G08,2490,300,-220,1500,910,489,multitask
sub-136,G09,3950,NA,-50,4000,NA,533,monotask
sub-136,G10,3400,750,-50,1500,1200,543,multitask
sub-137,G01,-525,NA,-525,NA,NA,351,monotask
sub-137,G02,-1055,100,-1605,NA,450,330,multitask
sub-137,G03,-120,NA,-370,250,NA,367,monotask
sub-137,G04,-530,250,-1320,NA,540,351,multitask
sub-137,G05,-325,NA,-575,250,NA,371,monotask
sub-137,G06,-285,350,-1175,NA,540,317,multitask
sub-137,G07,345,NA,-155,500,NA,339,monotask
sub-137,G08,125,150,-645,NA,620,259,multitask
sub-137,G09,395,NA,-105,500,NA,297,monotask
sub-137,G10,-325,100,-1105,NA,680,265,multitask
sub-138,G01,195,NA,-805,1000,NA,333,monotask
sub-138,G02,1085,300,-735,750,770,335,multitask
sub-138,G03,-1135,NA,-1635,500,NA,320,monotask
sub-138,G04,675,350,-995,500,820,332,multitask
sub-138,G05,0,NA,-1000,1000,NA,259,monotask
sub-138,G06,1085,400,-665,500,850,305,multitask
sub-138,G07,605,NA,-395,1000,NA,257,monotask
sub-138,G08,1120,350,-660,750,680,314,multitask
sub-138,G09,1455,NA,-295,1750,NA,333,monotask
sub-138,G10,1340,500,-660,750,750,367,multitask
sub-139,G01,1250,NA,NA,1250,NA,308,monotask
sub-139,G02,520,200,-310,250,380,344,multitask
sub-139,G03,965,NA,-35,1000,NA,361,monotask
sub-139,G04,1365,450,-85,500,500,363,multitask
sub-139,G05,1200,NA,-50,1250,NA,344,monotask
sub-139,G06,1420,300,-50,750,420,363,multitask
sub-139,G07,1750,NA,NA,1750,NA,341,monotask
sub-139,G08,625,750,-335,250,-40,346,multitask
sub-139,G09,1250,NA,NA,1250,NA,360,monotask
sub-139,G10,880,100,-310,750,340,353,multitask
sub-140,G01,1700,NA,-50,1750,NA,421,monotask
sub-140,G02,1320,100,-220,750,690,444,multitask
sub-140,G03,2065,NA,-185,2250,NA,463,monotask
sub-140,G04,1395,250,-785,1250,680,522,multitask
sub-140,G05,2425,NA,-1075,3500,NA,750,monotask
sub-140,G06,880,0,-400,750,530,511,multitask
sub-140,G07,1500,NA,-750,2250,NA,486,monotask
sub-140,G08,2195,450,-435,1250,930,475,multitask
sub-140,G09,2350,NA,-400,2750,NA,481,monotask
sub-140,G10,2060,550,-150,1000,660,441,multitask
sub-141,G01,-1540,NA,-1790,250,NA,298,monotask
sub-141,G02,-790,50,-1100,250,10,291,multitask
sub-141,G03,-865,NA,-1365,500,NA,332,monotask
sub-141,G04,-2045,50,-1855,NA,-240,293,multitask
sub-141,G05,-985,NA,-1485,500,NA,286,monotask
sub-141,G06,-1830,0,-2050,NA,220,328,multitask
sub-141,G07,-1215,NA,-1965,750,NA,366,monotask
sub-141,G08,-1510,-100,-1760,NA,350,380,multitask
sub-141,G09,-675,NA,-925,250,NA,335,monotask
sub-141,G10,-1085,150,-2105,500,370,401,multitask
sub-142,G01,1565,NA,-185,1750,NA,491,monotask
sub-142,G02,445,400,-225,250,20,402,multitask
sub-142,G03,2115,NA,-135,2250,NA,552,monotask
sub-142,G04,2290,650,-370,1000,1010,506,multitask
sub-142,G05,1580,NA,-420,2000,NA,595,monotask
sub-142,G06,3025,950,-35,1250,860,558,multitask
sub-142,G07,3315,NA,-185,3500,NA,662,monotask
sub-142,G08,1345,650,-805,750,750,518,multitask
sub-142,G09,4115,NA,-385,4500,NA,674,monotask
sub-142,G10,1920,400,-400,1250,670,555,multitask
sub-143,G01,-300,NA,-800,500,NA,318,monotask
sub-143,G02,-1750,-50,-1560,NA,-140,326,multitask
sub-143,G03,-655,NA,-905,250,NA,385,monotask
sub-143,G04,-1605,-500,-1915,250,560,329,multitask
sub-143,G05,-65,NA,-1065,1000,NA,385,monotask
sub-143,G06,-1195,0,-1495,250,50,336,multitask
sub-143,G07,755,NA,-245,1000,NA,338,monotask
sub-143,G08,-1400,-350,-1300,NA,250,321,multitask
sub-143,G09,845,NA,-155,1000,NA,322,monotask
sub-143,G10,-885,0,-1245,250,110,280,multitask
sub-144,G01,3700,NA,-50,3750,NA,587,monotask
sub-144,G02,3360,1000,-520,1750,1130,541,multitask
sub-144,G03,4245,NA,-255,4500,NA,664,monotask
sub-144,G04,3095,600,-385,1750,1130,511,multitask
sub-144,G05,5330,NA,-170,5500,NA,724,monotask
sub-144,G06,3640,800,-350,2250,940,526,multitask
sub-144,G07,4880,NA,-370,5250,NA,779,monotask
sub-144,G08,2205,350,-705,1750,810,510,multitask
sub-144,G09,5165,NA,-335,5500,NA,724,monotask
sub-144,G10,400,200,-930,1000,130,408,multitask
sub-145,G01,-2270,NA,-2520,250,NA,228,monotask
sub-145,G02,-905,50,-1135,NA,180,246,multitask
sub-145,G03,-1905,NA,-2405,500,NA,252,monotask
sub-145,G04,-770,100,-1630,250,510,285,multitask
sub-145,G05,-1485,NA,-1985,500,NA,238,monotask
sub-145,G06,-2025,100,-2535,250,160,259,multitask
sub-145,G07,-1650,NA,-2150,500,NA,264,monotask
sub-145,G08,-1100,-100,-1740,250,490,285,multitask
sub-145,G09,-625,NA,-1125,500,NA,238,monotask
sub-145,G10,-950,150,-1850,250,500,263,multitask
sub-146,G01,2000,NA,NA,2000,NA,554,monotask
sub-146,G02,1930,50,-120,1000,1000,555,multitask
sub-146,G03,2200,NA,-50,2250,NA,598,monotask
sub-146,G04,2010,250,-140,1000,900,498,multitask
sub-146,G05,2750,NA,NA,2750,NA,586,monotask
sub-146,G06,2115,400,-485,1500,700,533,multitask
sub-146,G07,2680,NA,-70,2750,NA,573,monotask
sub-146,G08,1940,0,-100,1250,790,529,multitask
sub-146,G09,3250,NA,NA,3250,NA,530,monotask
sub-146,G10,1785,300,-155,1000,640,488,multitask
sub-147,G01,930,NA,-70,1000,NA,259,monotask
sub-147,G02,1290,350,-420,500,860,243,multitask
sub-147,G03,1630,NA,-120,1750,NA,304,monotask
sub-147,G04,1400,750,-590,500,740,266,multitask
sub-147,G05,2930,NA,-70,3000,NA,435,monotask
sub-147,G06,1080,350,-880,1000,610,322,multitask
sub-147,G07,1565,NA,-685,2250,NA,421,monotask
sub-147,G08,1575,400,-715,1000,890,322,multitask
sub-147,G09,3080,NA,-420,3500,NA,552,monotask
sub-147,G10,2255,600,-255,1000,910,333,multitask
sub-148,G01,310,NA,-440,750,NA,305,monotask
sub-148,G02,-690,-50,-800,250,-90,268,multitask
sub-148,G03,1215,NA,-35,1250,NA,279,monotask
sub-148,G04,-185,100,-1005,250,470,261,multitask
sub-148,G05,1080,NA,-170,1250,NA,320,monotask
sub-148,G06,380,-100,-650,500,630,266,multitask
sub-148,G07,1980,NA,-520,2500,NA,353,monotask
sub-148,G08,1470,200,-150,500,920,268,multitask
sub-148,G09,1350,NA,-650,2000,NA,317,monotask
sub-148,G10,710,200,-770,500,780,277,multitask
sub-149,G01,-1975,NA,-2475,500,NA,298,monotask
sub-149,G02,-1740,0,-1890,250,-100,245,multitask
sub-149,G03,-300,NA,-800,500,NA,347,monotask
sub-149,G04,-1370,100,-2430,500,460,269,multitask
sub-149,G05,-1470,NA,-2220,750,NA,323,monotask
sub-149,G06,-2820,-100,-2870,250,-100,259,multitask
sub-149,G07,-1165,NA,-1665,500,NA,308,monotask
sub-149,G08,-1640,0,-2000,250,110,287,multitask
sub-149,G09,-1415,NA,-2165,750,NA,318,monotask
sub-149,G10,-1330,100,-2390,500,460,305,multitask
sub-150,G01,2260,NA,-740,3000,NA,652,monotask
sub-150,G02,1850,300,-300,1000,850,531,multitask
sub-150,G03,3630,NA,-370,4000,NA,623,monotask
sub-150,G04,1195,150,-855,1000,900,560,multitask
sub-150,G05,1945,NA,-1055,3000,NA,593,monotask
sub-150,G06,2765,550,-735,2000,950,563,multitask
sub-150,G07,2225,NA,-1525,3750,NA,687,monotask
sub-150,G08,2005,350,-755,1500,910,550,multitask
sub-150,G09,3015,NA,-985,4000,NA,665,monotask
sub-150,G10,1290,700,-1570,1250,910,524,multitask
sub-151,G01,950,NA,-50,1000,NA,280,monotask
sub-151,G02,770,550,-560,250,530,308,multitask
sub-151,G03,815,NA,-185,1000,NA,314,monotask
sub-151,G04,2005,800,-85,500,790,304,multitask
sub-151,G05,965,NA,-35,1000,NA,335,monotask
sub-151,G06,1615,400,-385,750,850,313,multitask
sub-151,G07,710,NA,-290,1000,NA,327,monotask
sub-151,G08,1315,300,-385,500,900,319,multitask
sub-151,G09,1400,NA,-100,1500,NA,316,monotask
sub-151,G10,1390,350,-350,500,890,324,multitask
sub-152,G01,580,NA,-420,1000,NA,353,monotask
sub-152,G02,1365,550,-255,500,570,357,multitask
sub-152,G03,1500,NA,NA,1500,NA,352,monotask
sub-152,G04,1910,650,-100,500,860,339,multitask
sub-152,G05,1450,NA,-50,1500,NA,329,monotask
sub-152,G06,1285,650,-455,250,840,335,multitask
sub-152,G07,1500,NA,NA,1500,NA,323,monotask
sub-152,G08,1850,450,-170,500,1070,332,multitask
sub-152,G09,1750,NA,NA,1750,NA,304,monotask
sub-152,G10,1150,250,-370,500,770,343,multitask
sub-153,G01,1150,NA,-100,1250,NA,515,monotask
sub-153,G02,1310,300,-220,250,980,487,multitask
sub-153,G03,2150,NA,-100,2250,NA,444,monotask
sub-153,G04,2340,1100,-300,750,790,457,multitask
sub-153,G05,1950,NA,-50,2000,NA,436,monotask
sub-153,G06,1880,400,-50,750,780,437,multitask
sub-153,G07,2750,NA,NA,2750,NA,446,monotask
sub-153,G08,2315,850,-205,750,920,369,multitask
sub-153,G09,3250,NA,NA,3250,NA,503,monotask
sub-153,G10,2350,400,-150,1250,850,427,multitask
sub-154,G01,-1840,NA,-2090,250,NA,258,monotask
sub-154,G02,-870,50,-2000,500,580,278,multitask
sub-154,G03,-1255,NA,-1755,500,NA,349,monotask
sub-154,G04,-310,100,-1120,250,460,374,multitask
sub-154,G05,-350,NA,-1100,750,NA,409,monotask
sub-154,G06,-1235,-50,-1545,250,110,356,multitask
sub-154,G07,-250,NA,-1250,1000,NA,405,monotask
sub-154,G08,-380,-100,-1330,500,550,398,multitask
sub-154,G09,140,NA,-860,1000,NA,385,monotask
sub-154,G10,-285,100,-1275,500,390,376,multitask
sub-155,G01,230,NA,-770,1000,NA,365,monotask
sub-155,G02,200,-150,-490,250,590,354,multitask
sub-155,G03,1150,NA,-100,1250,NA,368,monotask
sub-155,G04,1000,600,-520,250,670,318,multitask
sub-155,G05,-270,NA,-770,500,NA,354,monotask
sub-155,G06,1220,250,-420,500,890,310,multitask
sub-155,G07,775,NA,-475,1250,NA,314,monotask
sub-155,G08,480,650,-910,250,490,297,multitask
sub-155,G09,950,NA,-50,1000,NA,333,monotask
sub-155,G10,-385,150,-1405,250,620,297,multitask
sub-156,G01,25,NA,-475,500,NA,338,monotask
sub-156,G02,-1230,150,-1580,250,-50,343,multitask
sub-156,G03,845,NA,-405,1250,NA,415,monotask
sub-156,G04,-480,600,-1550,500,-30,454,multitask
sub-156,G05,260,NA,-490,750,NA,376,monotask
sub-156,G06,100,450,-890,250,290,343,multitask
sub-156,G07,495,NA,-505,1000,NA,314,monotask
sub-156,G08,-360,450,-1280,250,220,290,multitask
sub-156,G09,-90,NA,-590,500,NA,397,monotask
sub-156,G10,850,850,-790,250,540,372,multitask
sub-157,G01,700,NA,-50,750,NA,229,monotask
sub-157,G02,770,0,-150,NA,920,288,multitask
sub-157,G03,900,NA,-100,1000,NA,255,monotask
sub-157,G04,325,-150,-385,250,610,261,multitask
sub-157,G05,1200,NA,-50,1250,NA,247,monotask
sub-157,G06,1130,50,-170,250,1000,335,multitask
sub-157,G07,1200,NA,-50,1250,NA,318,monotask
sub-157,G08,1390,100,-300,500,1090,262,multitask
sub-157,G09,1280,NA,-470,1750,NA,342,monotask
sub-157,G10,1640,250,-50,500,940,329,multitask
sub-158,G01,-1220,NA,-1470,250,NA,192,monotask
sub-158,G02,-1925,-50,-2045,NA,170,170,multitask
sub-158,G03,-705,NA,-955,250,NA,199,monotask
sub-158,G04,-1090,250,-1700,NA,360,193,multitask
sub-158,G05,-1595,NA,-1845,250,NA,202,monotask
sub-158,G06,-1160,50,-1680,250,220,209,multitask
sub-158,G07,-2100,NA,-2350,250,NA,200,monotask
sub-158,G08,-900,500,-2160,250,510,211,multitask
sub-158,G09,-490,NA,-990,500,NA,217,monotask
sub-158,G10,-1160,150,-1720,250,160,226,multitask
sub-159,G01,120,NA,-380,500,NA,268,monotask
sub-159,G02,-585,200,-1455,250,420,243,multitask
sub-159,G03,-55,NA,-805,750,NA,289,monotask
sub-159,G04,-1255,450,-2335,250,380,275,multitask
sub-159,G05,195,NA,-555,750,NA,319,monotask
sub-159,G06,-60,650,-1610,500,400,278,multitask
sub-159,G07,70,NA,-680,750,NA,284,monotask
sub-159,G08,-920,400,-2160,250,590,271,multitask
sub-159,G09,355,NA,-395,750,NA,325,monotask
sub-159,G10,320,400,-1410,500,830,296,multitask
sub-160,G01,1260,300,-560,750,770,360,monotask
sub-160,G02,1260,300,-560,750,770,360,multitask
sub-160,G03,2595,NA,-155,2750,NA,467,monotask
sub-160,G04,920,350,-1180,1000,750,344,multitask
sub-160,G05,1820,NA,-680,2500,NA,448,monotask
sub-160,G06,1130,50,-1040,1250,870,361,multitask
sub-160,G07,3465,NA,-35,3500,NA,497,monotask
sub-160,G08,1550,100,-810,1500,760,389,multitask
sub-160,G09,3645,NA,-105,3750,NA,520,monotask
sub-160,G10,1860,400,-880,1500,840,413,multitask
sub-161,G01,130,NA,-370,500,NA,317,monotask
sub-161,G02,285,300,-755,250,490,300,multitask
sub-161,G03,580,NA,-170,750,NA,371,monotask
sub-161,G04,335,150,-935,500,620,334,multitask
sub-161,G05,315,NA,-435,750,NA,376,monotask
sub-161,G06,370,300,-1170,500,740,338,multitask
sub-161,G07,1465,NA,-35,1500,NA,354,monotask
sub-161,G08,1460,350,-300,500,910,355,multitask
sub-161,G09,1615,NA,-135,1750,NA,372,monotask
sub-161,G10,570,250,-1120,500,940,396,multitask
sub-162,G01,-1450,NA,-2200,750,NA,305,monotask
sub-162,G02,-1730,250,-2660,250,430,299,multitask
sub-162,G03,-1885,NA,-2635,750,NA,330,monotask
sub-162,G04,-750,0,-1430,250,430,355,multitask
sub-162,G05,-850,NA,-1600,750,NA,381,monotask
sub-162,G06,470,650,-1170,250,740,355,multitask
sub-162,G07,-810,NA,-1310,500,NA,393,monotask
sub-162,G08,-780,350,-2130,500,500,337,multitask
sub-162,G09,-455,NA,-2205,1750,NA,354,monotask
sub-162,G10,195,200,-1065,250,810,329,multitask
sub-163,G01,1615,NA,-135,1750,NA,491,monotask
sub-163,G02,550,250,-400,250,450,425,multitask
sub-163,G03,1500,NA,NA,1500,NA,462,monotask
sub-163,G04,1120,700,-610,500,530,438,multitask
sub-163,G05,1500,NA,NA,1500,NA,529,monotask
sub-163,G06,1755,650,-385,500,990,458,multitask
sub-163,G07,2380,NA,-120,2500,NA,736,monotask
sub-163,G08,1920,650,-100,500,870,499,multitask
sub-163,G09,2365,NA,-385,2750,NA,810,monotask
sub-163,G10,1990,600,-100,750,740,466,multitask
sub-164,G01,595,NA,-405,1000,NA,303,monotask
sub-164,G02,20,150,-1340,250,960,327,multitask
sub-164,G03,450,NA,-300,750,NA,327,monotask
sub-164,G04,270,50,-910,250,880,398,multitask
sub-164,G05,1250,NA,NA,1250,NA,342,monotask
sub-164,G06,1590,550,-150,250,940,369,multitask
sub-164,G07,1200,NA,-50,1250,NA,326,monotask
sub-164,G08,155,250,-875,NA,780,370,multitask
sub-164,G09,1500,NA,NA,1500,NA,355,monotask
sub-164,G10,1280,450,-370,250,950,365,multitask
sub-165,G01,530,NA,-220,750,NA,381,monotask
sub-165,G02,960,150,-170,250,730,379,multitask
sub-165,G03,550,NA,-450,1000,NA,392,monotask
sub-165,G04,510,250,-820,250,830,392,multitask
sub-165,G05,600,NA,-150,750,NA,378,monotask
sub-165,G06,1110,500,-350,250,710,367,multitask
sub-165,G07,1115,NA,-135,1250,NA,397,monotask
sub-165,G08,1970,650,-50,500,870,401,multitask
sub-165,G09,850,NA,-150,1000,NA,399,monotask
sub-165,G10,1110,500,-450,500,560,391,multitask
sub-166,G01,1050,450,-220,500,320,418,monotask
sub-166,G02,1050,450,-220,500,320,418,multitask
sub-166,G03,900,NA,-100,1000,NA,531,monotask
sub-166,G04,1080,300,-290,500,570,397,multitask
sub-166,G05,815,NA,-435,1250,NA,512,monotask
sub-166,G06,1480,650,-150,500,480,429,multitask
sub-166,G07,1645,NA,-105,1750,NA,565,monotask
sub-166,G08,1245,700,-85,500,130,436,multitask
sub-166,G09,1280,NA,-220,1500,NA,582,monotask
sub-166,G10,1070,400,-370,500,540,495,multitask
sub-167,G01,1250,NA,NA,1250,NA,398,monotask
sub-167,G02,530,0,-400,250,680,398,multitask
sub-167,G03,1500,NA,NA,1500,NA,417,monotask
sub-167,G04,1235,150,-335,500,920,388,multitask
sub-167,G05,1150,NA,-100,1250,NA,420,monotask
sub-167,G06,1370,100,-400,750,920,385,multitask
sub-167,G07,1700,NA,-50,1750,NA,418,monotask
sub-167,G08,1030,150,-300,500,680,394,multitask
sub-167,G09,1700,NA,-50,1750,NA,422,monotask
sub-167,G10,1740,0,-50,750,1040,419,multitask
sub-168,G01,2010,NA,-240,2250,NA,611,monotask
sub-168,G02,2890,150,-190,2250,680,614,multitask
sub-168,G03,3385,NA,-365,3750,NA,790,monotask
sub-168,G04,705,-50,-665,1000,420,594,multitask
sub-168,G05,2810,NA,-440,3250,NA,760,monotask
sub-168,G06,1245,50,-755,1250,700,591,multitask
sub-168,G07,3105,NA,-645,3750,NA,806,monotask
sub-168,G08,1930,600,-950,1500,780,609,multitask
sub-168,G09,3635,NA,-365,4000,NA,801,monotask
sub-168,G10,2145,200,-485,1750,680,672,multitask
sub-169,G01,3200,NA,-300,3500,NA,643,monotask
sub-169,G02,3185,850,-185,1500,1020,571,multitask
sub-169,G03,5000,NA,NA,5000,NA,627,monotask
sub-169,G04,3810,600,-50,2250,1010,556,multitask
sub-169,G05,5650,NA,-100,5750,NA,599,monotask
sub-169,G06,3850,450,-100,2500,1000,607,multitask
sub-169,G07,6400,NA,-100,6500,NA,667,monotask
sub-169,G08,4810,600,-50,3250,1010,651,multitask
sub-169,G09,6350,NA,-150,6500,NA,658,monotask
sub-169,G10,5160,850,-100,3500,910,693,multitask
sub-170,G01,2045,NA,-205,2250,NA,585,monotask
sub-170,G02,1400,50,-470,1000,820,487,multitask
sub-170,G03,3330,NA,-170,3500,NA,768,monotask
sub-170,G04,2210,200,-420,1500,930,607,multitask
sub-170,G05,3830,NA,-170,4000,NA,792,monotask
sub-170,G06,2390,250,-420,1750,810,616,multitask
sub-170,G07,3750,NA,NA,3750,NA,846,monotask
sub-170,G08,2365,100,-235,1500,1000,604,multitask
sub-170,G09,2880,NA,-370,3250,NA,779,monotask
sub-170,G10,3335,400,-35,2000,970,651,multitask
sub-171,G01,915,NA,-85,1000,NA,244,monotask
sub-171,G02,1145,200,-185,250,880,264,multitask
sub-171,G03,740,NA,-260,1000,NA,291,monotask
sub-171,G04,840,0,-380,500,720,273,multitask
sub-171,G05,1615,NA,-135,1750,NA,297,monotask
sub-171,G06,905,200,-555,500,760,268,multitask
sub-171,G07,1325,NA,-175,1500,NA,294,monotask
sub-171,G08,-1025,100,-1495,250,120,267,multitask
sub-171,G09,1060,NA,-440,1500,NA,246,monotask
sub-171,G10,1560,0,-50,750,860,262,multitask
sub-172,G01,1250,NA,NA,1250,NA,355,monotask
sub-172,G02,1045,0,-435,750,730,316,multitask
sub-172,G03,2200,NA,-50,2250,NA,422,monotask
sub-172,G04,1150,400,-820,1000,570,352,multitask
sub-172,G05,3000,NA,NA,3000,NA,419,monotask
sub-172,G06,2080,250,-350,1250,930,391,multitask
sub-172,G07,3200,NA,-50,3250,NA,457,monotask
sub-172,G08,2330,250,-100,1250,930,355,multitask
sub-172,G09,3150,NA,-100,3250,NA,492,monotask
sub-172,G10,2315,400,-305,1250,970,354,multitask
sub-173,G01,715,NA,-35,750,NA,466,monotask
sub-173,G02,-615,200,-1215,250,150,395,multitask
sub-173,G03,800,NA,-450,1250,NA,538,monotask
sub-173,G04,-650,0,-1420,250,520,453,multitask
sub-173,G05,125,NA,-875,1000,NA,528,monotask
sub-173,G06,-385,300,-1485,250,550,541,multitask
sub-173,G07,1225,NA,-275,1500,NA,540,monotask
sub-173,G08,130,50,-1050,250,880,488,multitask
sub-173,G09,1175,NA,-575,1750,NA,470,monotask
sub-173,G10,740,350,-1030,500,920,445,multitask
sub-174,G01,3250,NA,NA,3250,NA,524,monotask
sub-174,G02,2780,550,-200,1500,930,491,multitask
sub-174,G03,2400,NA,-350,2750,NA,502,monotask
sub-174,G04,2350,500,-400,1500,750,446,multitask
sub-174,G05,3450,NA,-300,3750,NA,483,monotask
sub-174,G06,2090,250,-600,1750,690,465,multitask
sub-174,G07,3465,NA,-35,3500,NA,533,monotask
sub-174,G08,2970,650,-350,2000,670,482,multitask
sub-174,G09,3865,NA,-135,4000,NA,579,monotask
sub-174,G10,2590,200,-470,2000,860,515,multitask
sub-175,G01,930,NA,-70,1000,NA,330,monotask
sub-175,G02,770,200,-540,250,860,290,multitask
sub-175,G03,630,NA,-120,750,NA,318,monotask
sub-175,G04,790,250,-470,250,760,311,multitask
sub-175,G05,1100,NA,-150,1250,NA,338,monotask
sub-175,G06,-275,100,-1265,250,640,296,multitask
sub-175,G07,480,NA,-520,1000,NA,324,monotask
sub-175,G08,830,600,-660,250,640,322,multitask
sub-175,G09,780,NA,-220,1000,NA,342,monotask
sub-175,G10,1805,1200,-275,250,630,321,multitask
sub-176,G01,1400,NA,-100,1500,NA,388,monotask
sub-176,G02,1305,300,-555,750,810,263,multitask
sub-176,G03,1260,NA,-240,1500,NA,319,monotask
sub-176,G04,475,250,-875,250,850,297,multitask
sub-176,G05,850,NA,-150,1000,NA,325,monotask
sub-176,G06,-745,0,-855,NA,110,303,multitask
sub-176,G07,3000,NA,NA,3000,NA,424,monotask
sub-176,G08,805,-150,-505,750,710,368,multitask
sub-176,G09,1945,NA,-555,2500,NA,473,monotask
sub-176,G10,750,200,-840,750,640,324,multitask
sub-177,G01,860,NA,-140,1000,NA,347,monotask
sub-177,G02,-415,150,-1355,250,540,250,multitask
sub-177,G03,890,NA,-360,1250,NA,360,monotask
sub-177,G04,940,650,-490,250,530,347,multitask
sub-177,G05,1465,NA,-35,1500,NA,382,monotask
sub-177,G06,1295,100,-255,750,700,361,multitask
sub-177,G07,1415,NA,-85,1500,NA,431,monotask
sub-177,G08,590,200,-840,500,730,349,multitask
sub-177,G09,1665,NA,-85,1750,NA,390,monotask
sub-177,G10,875,100,-325,500,600,309,multitask
sub-178,G01,1000,NA,NA,1000,NA,337,monotask
sub-178,G02,750,50,-470,250,920,314,multitask
sub-178,G03,1500,NA,NA,1500,NA,334,monotask
sub-178,G04,1470,300,-350,500,1020,309,multitask
sub-178,G05,1950,NA,-50,2000,NA,345,monotask
sub-178,G06,2330,800,-100,500,1130,336,multitask
sub-178,G07,1800,NA,-700,2500,NA,362,monotask
sub-178,G08,2355,350,-135,1000,1140,343,multitask
sub-178,G09,2600,NA,-400,3000,NA,373,monotask
sub-178,G10,1420,350,-650,750,970,337,multitask
sub-179,G01,240,NA,-260,500,NA,412,monotask
sub-179,G02,745,400,-295,NA,640,435,multitask
sub-179,G03,895,NA,-105,1000,NA,461,monotask
sub-179,G04,1095,550,-325,250,620,442,multitask
sub-179,G05,665,NA,-85,750,NA,448,monotask
sub-179,G06,1395,400,-325,500,820,457,multitask
sub-179,G07,950,NA,-50,1000,NA,427,monotask
sub-179,G08,1070,400,-420,250,840,426,multitask
sub-179,G09,1250,NA,NA,1250,NA,410,monotask
sub-179,G10,925,400,-555,500,580,409,multitask
sub-180,G01,2500,NA,NA,2500,NA,571,monotask
sub-180,G02,1960,400,-120,750,930,457,multitask
sub-180,G03,2500,NA,NA,2500,NA,524,monotask
sub-180,G04,3300,1050,-100,1250,1100,520,multitask
sub-180,G05,3250,NA,NA,3250,NA,576,monotask
sub-180,G06,2490,700,-150,1000,940,473,multitask
sub-180,G07,3115,NA,-135,3250,NA,527,monotask
sub-180,G08,3260,1200,-400,1500,960,465,multitask
sub-180,G09,4200,NA,-50,4250,NA,527,monotask
sub-180,G10,3460,950,-150,1500,1160,469,multitask
